#Table: J/A+A/584/A91/tablea2.dat (http://cdsarc.cds.unistra.fr)
----------------------------------------------------------------------------------------------------------------------------------------------------------------------------------
   |               |                       |       |       |     |    |    |  e|     |     |     |     |     |     |    |            |
   |               | R  R         D  D     |       |       |     | e_M|   T|_Td|   NH|     |    N|   nH|     |    n| alp|            |
Seq|Name           |Ah Am   RAs  Ed Em  DEs|     Rd|   Robs|Mcore|core|dust|ust|2peak|NH2av|H2avd|2peak|nH2av|H2avd|haBE|Coretype    |Com
---|---------------|-----------------------|-------|-------|-----|----|----|---|-----|-----|-----|-----|-----|-----|----|------------|--------------------------------------------
  1|182154.6-025557|18 21 54.63 -02 55 57.2|2.6e-02|3.7e-02| 0.09|0.05|11.5|4.5|  1.0|  0.8|  1.6|  0.5|  0.5|  1.4| 5.6|starless    |no SED fit
  2|182215.5-030107|18 22 15.58 -03 01 07.9|2.3e-02|3.3e-02| 0.09|0.05|11.5|4.5|  1.1|  1.0|  2.2|  0.6|  0.7|  2.1| 4.7|starless    |no SED fit
  3|182246.4-032847|18 22 46.43 -03 28 47.8|2.9e-02|3.8e-02| 0.09|0.05|11.5|4.5|  1.0|  0.8|  1.4|  0.6|  0.4|  1.1| 6.0|starless    |no SED fit
  4|182254.4-033415|18 22 54.46 -03 34 15.6|2.5e-02|3.4e-02| 0.11|0.05|11.5|4.5|  1.2|  1.1|  2.0|  0.7|  0.7|  1.8| 4.6|starless    |no SED fit
  5|182303.8-032358|18 23 03.86 -03 23 58.0|2.0e-02|3.2e-02| 0.11|0.05|11.5|4.5|  1.3|  1.3|  3.3|  0.7|  0.9|  3.6| 3.6|prestellar  |no SED fit   tentative bound
  6|182320.8-030539|18 23 20.87 -03 05 39.7|1.9e-02|3.2e-02| 0.10|0.05|11.5|4.5|  1.1|  1.1|  3.1|  0.6|  0.8|  3.5| 3.9|prestellar  |no SED fit   tentative bound
  7|182324.2-025449|18 23 24.22 -02 54 49.1|1.8e-02|3.0e-02| 0.08|0.04|11.5|4.5|  2.2|  1.0|  2.7|  1.3|  0.7|  3.2| 4.8|starless    |no SED fit
  8|182325.5-030410|18 23 25.55 -03 04 10.4|3.4e-02|4.8e-02| 0.67|0.23| 9.6|0.7|  7.2|  3.5|  6.9|  3.5|  1.6|  4.5| 1.0|prestellar  |
  9|182325.9-025725|18 23 25.94 -02 57 25.3|4.7e-02|5.2e-02| 0.25|0.13|11.5|4.5|  1.5|  1.1|  1.4|  0.7|  0.5|  0.6| 3.7|starless    |no SED fit
 10|182331.8-030327|18 23 31.83 -03 03 27.8|7.6e-02|8.1e-02| 2.13|0.60| 9.8|0.6|  6.4|  3.9|  4.3|  2.2|  1.1|  1.2| 0.7|prestellar  |
 11|182339.9-031334|18 23 39.97 -03 13 34.5|4.3e-02|4.9e-02| 0.15|0.08|12.9|1.7|  2.3|  0.8|  1.0|  1.1|  0.3|  0.5| 5.5|starless    |
 12|182340.8-025616|18 23 40.86 -02 56 16.0|2.0e-02|3.2e-02| 0.08|0.04|11.5|4.5|  0.9|  1.0|  2.6|  0.6|  0.7|  2.9| 4.7|starless    |no SED fit
 13|182344.2-025439|18 23 44.20 -02 54 39.9|1.5e-02|2.8e-02| 0.05|0.02|11.5|4.5|  0.6|  0.8|  2.6|  0.4|  0.6|  3.8| 6.0|starless    |no SED fit
 14|182345.6-025551|18 23 45.64 -02 55 51.9|4.3e-02|4.8e-02| 0.67|0.44| 9.8|1.4|  7.6|  3.4|  4.4|  3.7|  1.5|  2.3| 1.3|prestellar  |
 15|182347.5-025532|18 23 47.50 -02 55 32.2|2.4e-02|3.8e-02| 0.18|0.09|11.5|4.5|  1.7|  1.5|  3.6|  0.9|  0.9|  3.2| 2.7|prestellar  |no SED fit   tentative bound
 16|182352.2-025550|18 23 52.26 -02 55 50.8|1.5e-02|2.8e-02| 0.22|0.24| 9.6|1.9|  4.3|  3.5| 12.2|  2.7|  2.8| 18.3| 1.3|prestellar  |
 17|182352.8-025457|18 23 52.82 -02 54 57.6|1.1e-02|2.3e-02| 0.03|0.01|11.5|4.5|  0.4|  0.7|  2.6|  0.3|  0.6|  5.0| 7.7|starless    |no SED fit
 18|182353.5-025436|18 23 53.54 -02 54 36.4|8.8e-02|9.2e-02| 0.44|0.22|11.5|4.5|  2.0|  0.6|  0.7|  0.6|  0.2|  0.2| 3.9|starless    |no SED fit
 19|182404.2-025513|18 24 04.20 -02 55 13.5|3.5e-02|4.2e-02| 0.09|0.04|11.5|4.5|  1.0|  0.6|  0.8|  0.5|  0.3|  0.5| 8.0|starless    |no SED fit
 20|182406.0-025633|18 24 06.06 -02 56 33.4|6.6e-02|7.0e-02| 0.30|0.15|11.5|4.5|  1.7|  0.7|  0.8|  0.6|  0.2|  0.3| 4.3|starless    |no SED fit
 21|182410.1-034403|18 24 10.16 -03 44 03.4|4.3e-02|5.1e-02| 0.32|0.04|12.7|1.3|  2.8|  1.5|  2.0|  1.3|  0.6|  1.0| 2.7|prestellar  |             tentative bound
 22|182411.8-020512|18 24 11.89 -02 05 12.6|2.5e-02|3.9e-02| 0.06|0.03|11.5|4.5|  1.0|  0.5|  1.2|  0.5|  0.3|  1.1| 7.6|starless    |no SED fit
 23|182428.8-025329|18 24 28.81 -02 53 29.5|3.9e-02|4.6e-02| 0.11|0.06|13.1|2.2|  2.5|  0.6|  0.9|  1.3|  0.3|  0.5| 6.8|starless    |
 24|182429.8-034118|18 24 29.87 -03 41 18.1|3.5e-02|4.2e-02| 0.13|0.08|10.9|1.5|  2.0|  0.9|  1.3|  1.1|  0.4|  0.8| 5.2|starless    |
 25|182435.4-031340|18 24 35.42 -03 13 40.8|3.8e-02|4.6e-02| 0.16|0.08|11.5|4.5|  1.3|  0.9|  1.4|  0.7|  0.4|  0.8| 4.5|starless    |no SED fit
 26|182456.1-023101|18 24 56.17 -02 31 01.3|4.2e-02|4.9e-02| 0.10|0.04|11.7|1.1|  1.5|  0.5|  0.7|  0.7|  0.2|  0.4| 8.2|starless    |
 27|182500.5-030133|18 25 00.55 -03 01 33.2|2.7e-02|4.1e-02| 0.84|0.30| 8.9|0.6| 10.4|  5.9| 13.6|  5.5|  3.2| 10.9| 0.6|prestellar  |
 28|182502.6-025242|18 25 02.67 -02 52 42.1|3.2e-02|4.4e-02| 0.08|0.04|16.9|2.5|  1.1|  0.5|  1.0|  0.6|  0.3|  0.7| 7.6|starless    |
 29|182509.9-035115|18 25 09.94 -03 51 15.7|2.6e-02|3.5e-02| 0.15|0.03|12.6|0.5|  2.8|  1.4|  2.6|  1.6|  0.9|  2.2| 3.5|prestellar  |             tentative bound
 30|182510.2-025845|18 25 10.21 -02 58 45.6|3.1e-02|3.9e-02| 0.57|0.28|11.5|4.5|  9.9|  4.4|  6.8|  5.4|  2.5|  4.8| 1.1|prestellar  |no SED fit
 31|182511.4-025851|18 25 11.46 -02 58 51.4|1.9e-02|3.1e-02| 0.33|0.05|11.7|0.5|  6.5|  4.0| 10.4|  3.9|  2.8| 11.7| 1.2|protostellar|
 32|182513.1-025955|18 25 13.14 -02 59 55.0|1.7e-02|2.9e-02| 0.85|0.42|11.5|4.5| 10.8| 11.8| 34.8|  6.7|  8.8| 44.7| 0.4|protostellar|no SED fit
 33|182513.7-025858|18 25 13.79 -02 58 58.2|3.2e-02|3.9e-02| 0.51|0.08|11.6|0.4| 10.1|  3.9|  5.9|  5.5|  2.2|  4.0| 1.2|prestellar  |
 34|182517.0-025540|18 25 17.01 -02 55 40.6|2.0e-02|3.1e-02| 0.10|0.05|11.5|4.5|  1.2|  1.2|  2.9|  0.7|  0.9|  3.2| 3.9|prestellar  |no SED fit   tentative bound
 35|182520.4-025200|18 25 20.48 -02 52 00.6|3.2e-02|4.0e-02| 0.09|0.05|11.5|4.5|  0.9|  0.7|  1.1|  0.5|  0.4|  0.7| 6.8|starless    |no SED fit
 36|182522.1-025538|18 25 22.11 -02 55 38.6|4.0e-02|4.9e-02| 0.18|0.09|12.5|1.5|  2.2|  0.9|  1.3|  1.1|  0.4|  0.7| 4.5|starless    |
 37|182529.8-025335|18 25 29.83 -02 53 35.6|5.3e-02|5.8e-02| 0.12|0.07|12.8|1.8|  2.0|  0.4|  0.5|  0.8|  0.2|  0.2| 8.4|starless    |
 38|182531.6-024905|18 25 31.68 -02 49 05.6|1.2e-01|1.2e-01| 1.01|0.51|11.5|4.5|  2.1|  0.8|  0.9|  0.5|  0.1|  0.2| 2.3|prestellar  |no SED fit   tentative bound
 39|182536.5-030001|18 25 36.51 -03 00 01.9|1.2e-01|1.3e-01| 1.97|0.71|11.4|0.9|  4.7|  1.5|  1.5|  1.1|  0.3|  0.3| 1.2|prestellar  |
 40|182543.9-024940|18 25 43.93 -02 49 40.2|2.3e-02|3.5e-02| 0.10|0.05|11.5|4.5|  0.9|  0.9|  2.2|  0.5|  0.6|  2.1| 4.7|starless    |no SED fit
 41|182545.9-025655|18 25 45.96 -02 56 55.8|6.2e-02|6.7e-02| 0.28|0.14|11.5|4.5|  1.8|  0.8|  0.9|  0.7|  0.2|  0.3| 4.3|starless    |no SED fit
 42|182546.7-030547|18 25 46.74 -03 05 47.0|3.7e-02|4.5e-02| 0.11|0.07|14.1|2.7|  2.0|  0.6|  0.9|  1.0|  0.3|  0.6| 6.7|starless    |
 43|182546.8-025438|18 25 46.89 -02 54 38.7|2.3e-02|3.6e-02| 0.10|0.05|11.5|4.5|  1.4|  0.9|  2.3|  0.8|  0.6|  2.3| 4.5|starless    |no SED fit
 44|182559.0-025424|18 25 59.05 -02 54 24.7|3.5e-02|4.2e-02| 0.06|0.05|13.7|3.4|  1.4|  0.4|  0.6|  0.7|  0.2|  0.4|11.6|starless    |
 45|182603.5-035148|18 26 03.52 -03 51 48.9|4.2e-02|4.9e-02| 0.08|0.02|15.8|1.1|  1.0|  0.4|  0.5|  0.5|  0.2|  0.3|10.5|starless    |
 46|182624.0-035127|18 26 24.02 -03 51 27.7|3.8e-02|4.5e-02| 0.13|0.08|13.2|2.2|  1.8|  0.7|  1.1|  0.9|  0.4|  0.6| 5.8|starless    |
 47|182629.6-030109|18 26 29.60 -03 01 09.7|4.0e-02|4.6e-02| 0.12|0.05|12.5|1.5|  2.3|  0.7|  0.9|  1.1|  0.3|  0.5| 6.5|starless    |
 48|182633.0-034415|18 26 33.01 -03 44 15.0|6.9e-02|7.4e-02| 0.61|0.31|11.5|4.5|  2.8|  1.3|  1.5|  1.0|  0.4|  0.5| 2.2|prestellar  |no SED fit   tentative bound
 49|182641.0-033626|18 26 41.00 -03 36 26.7|1.8e-02|2.9e-02| 0.15|0.09|10.3|1.3|  3.5|  2.2|  5.6|  2.1|  1.6|  6.7| 2.3|prestellar  |             tentative bound
 50|182642.9-032851|18 26 42.90 -03 28 51.2|2.0e-02|3.2e-02| 0.47|0.23| 9.2|0.9|  7.1|  5.5| 14.2|  4.3|  3.8| 15.8| 0.8|prestellar  |
 51|182644.1-032606|18 26 44.11 -03 26 06.9|2.8e-02|4.1e-02| 0.21|0.11|11.5|4.5|  2.4|  1.5|  3.3|  1.3|  0.8|  2.6| 2.6|prestellar  |no SED fit   tentative bound
 52|182644.1-040143|18 26 44.14 -04 01 43.9|4.7e-02|5.3e-02| 0.17|0.09|11.5|4.5|  1.8|  0.7|  0.9|  0.8|  0.3|  0.4| 5.3|starless    |no SED fit
 53|182705.3-025212|18 27 05.36 -02 52 12.6|3.9e-02|4.5e-02| 0.33|0.05|13.5|0.6|  4.7|  1.9|  2.6|  2.4|  0.9|  1.5| 2.3|prestellar  |             tentative bound
 54|182707.0-025033|18 27 07.09 -02 50 33.8|3.3e-02|4.0e-02| 0.15|0.12|12.3|2.5|  2.4|  1.1|  1.7|  1.3|  0.6|  1.1| 4.2|starless    |
 55|182713.3-034014|18 27 13.38 -03 40 14.6|1.5e-02|2.7e-02| 0.03|0.01|16.9|3.7|  0.8|  0.4|  1.3|  0.5|  0.4|  1.8|11.9|protostellar|
 56|182714.2-034441|18 27 14.23 -03 44 41.1|2.6e-02|3.5e-02| 0.37|0.32| 9.1|1.6|  6.0|  3.5|  6.7|  3.4|  2.2|  5.7| 1.4|prestellar  |
 57|182720.7-035109|18 27 20.74 -03 51 09.4|2.7e-02|4.1e-02| 0.18|0.12|10.6|1.6|  2.5|  1.2|  2.9|  1.3|  0.6|  2.3| 3.0|prestellar  |             tentative bound
 58|182721.6-033954|18 27 21.60 -03 39 54.5|2.0e-02|3.3e-02| 0.09|0.04|11.8|1.1|  1.1|  1.0|  2.6|  0.7|  0.6|  2.8| 4.5|starless    |
 59|182721.9-030252|18 27 21.96 -03 02 52.2|3.4e-02|4.1e-02| 0.14|0.11|11.8|2.4|  2.2|  1.0|  1.5|  1.2|  0.5|  1.0| 4.8|starless    |
 60|182722.1-005034|18 27 22.10 -00 50 34.4|3.0e-02|3.9e-02| 0.44|0.22|11.5|4.5|  4.9|  3.4|  5.7|  2.7|  1.9|  4.1| 1.4|prestellar  |no SED fit
 61|182722.5-034207|18 27 22.56 -03 42 07.6|5.3e-02|5.8e-02| 1.96|0.87| 8.7|0.8| 14.5|  6.8|  8.2|  6.3|  2.6|  3.4| 0.5|prestellar  |
 62|182724.1-005007|18 27 24.18 -00 50 07.8|6.6e-02|7.0e-02| 0.23|0.05|13.1|0.8|  2.4|  0.6|  0.6|  0.9|  0.2|  0.2| 5.6|starless    |
 63|182730.2-035032|18 27 30.27 -03 50 32.5|3.7e-02|5.1e-02| 1.95|0.85|10.4|1.3| 18.8|  8.7| 16.9|  8.8|  3.7| 10.0| 0.4|prestellar  |
 64|182731.5-030218|18 27 31.50 -03 02 18.1|2.2e-02|3.3e-02| 0.09|0.08|12.0|2.7|  1.9|  0.9|  2.2|  1.1|  0.6|  2.2| 4.9|starless    |
 65|182734.9-033936|18 27 34.95 -03 39 36.5|3.5e-02|4.6e-02| 0.62|0.34|10.1|1.1|  9.3|  3.5|  5.9|  4.6|  1.6|  3.7| 1.1|prestellar  |
 66|182737.9-035047|18 27 37.98 -03 50 47.1|1.8e-02|3.0e-02| 0.04|0.01|25.5|3.4|  0.8|  0.5|  1.3|  0.5|  0.4|  1.6| 9.9|starless    |
 67|182739.2-004354|18 27 39.29 -00 43 54.9|2.1e-02|3.3e-02| 0.08|0.05|11.8|1.7|  1.5|  0.8|  2.1|  0.9|  0.6|  2.2| 5.4|starless    |
 68|182740.6-034935|18 27 40.67 -03 49 35.5|1.8e-02|3.0e-02| 0.60|0.04|23.3|0.2|  8.1|  8.1| 22.1|  4.9|  6.0| 27.0| 0.6|protostellar|
 69|182743.2-042841|18 27 43.23 -04 28 41.4|1.7e-02|2.8e-02| 0.06|0.03|11.5|4.5|  1.1|  1.0|  2.6|  0.7|  0.8|  3.4| 5.3|starless    |no SED fit
 70|182743.2-041648|18 27 43.27 -04 16 48.7|2.7e-02|3.6e-02| 0.15|0.07|13.0|1.3|  3.6|  1.4|  2.5|  2.0|  0.9|  2.0| 3.5|prestellar  |             tentative bound
 71|182744.5-035413|18 27 44.52 -03 54 13.4|4.2e-02|4.8e-02| 0.13|0.07|14.5|4.5|  3.4|  0.7|  0.9|  1.7|  0.3|  0.5| 6.3|starless    |no SED fit
 72|182745.2-041719|18 27 45.23 -04 17 19.4|5.6e-02|6.1e-02| 0.80|0.26|10.9|0.8|  7.9|  2.5|  3.0|  3.3|  0.9|  1.2| 1.4|prestellar  |
 73|182745.3-033013|18 27 45.34 -03 30 13.5|7.1e-02|7.5e-02| 0.52|0.13|12.4|0.8|  3.1|  1.1|  1.2|  1.1|  0.3|  0.4| 2.7|prestellar  |             tentative bound
 74|182747.2-033940|18 27 47.28 -03 39 40.4|3.8e-02|4.5e-02| 0.21|0.11|11.5|4.5|  2.6|  1.3|  1.8|  1.3|  0.6|  1.0| 3.5|prestellar  |no SED fit   tentative bound
 75|182748.6-003311|18 27 48.68 -00 33 11.8|4.8e-02|5.3e-02| 0.41|0.10|11.3|0.6|  5.1|  1.7|  2.1|  2.3|  0.7|  1.0| 2.3|prestellar  |             tentative bound
 76|182748.7-030928|18 27 48.74 -03 09 28.4|8.3e-02|8.6e-02| 0.50|0.25|11.5|4.5|  2.2|  0.8|  0.9|  0.7|  0.2|  0.2| 3.3|starless    |no SED fit
 77|182749.9-034912|18 27 49.99 -03 49 12.8|1.6e-02|2.8e-02| 0.16|0.04|15.5|0.8|  3.7|  2.6|  7.4|  2.3|  2.0|  9.9| 2.0|protostellar|
 78|182751.4-035317|18 27 51.41 -03 53 17.8|2.9e-02|4.0e-02| 0.07|0.04|16.9|2.7|  0.9|  0.5|  0.9|  0.5|  0.3|  0.7| 8.6|starless    |
 79|182754.3-034237|18 27 54.36 -03 42 37.2|2.0e-02|3.1e-02| 2.06|0.26|12.3|0.5| 42.4| 24.8| 64.2| 25.5| 17.3| 72.1| 0.2|protostellar|
 80|182755.3-033037|18 27 55.34 -03 30 37.3|5.1e-02|5.6e-02| 0.60|0.20|11.6|0.9|  6.2|  2.3|  2.7|  2.7|  0.9|  1.2| 1.7|prestellar  |
 81|182756.5-025711|18 27 56.51 -02 57 11.3|2.6e-02|3.7e-02| 0.15|0.08|11.5|4.5|  1.9|  1.3|  2.7|  1.0|  0.8|  2.3| 3.3|prestellar  |no SED fit   tentative bound
 82|182756.9-034357|18 27 56.98 -03 43 57.0|3.9e-02|4.5e-02| 0.24|0.09|14.7|1.4|  3.2|  1.4|  1.9|  1.6|  0.7|  1.1| 3.1|prestellar  |             tentative bound
 83|182757.4-033548|18 27 57.47 -03 35 48.5|2.3e-02|3.4e-02| 0.09|0.05|11.5|4.5|  1.1|  1.0|  2.0|  0.7|  0.6|  1.9| 5.0|starless    |no SED fit
 84|182757.5-034046|18 27 57.52 -03 40 46.0|7.2e-02|7.8e-02| 4.55|1.06|10.2|0.6| 37.3|  8.9| 10.5| 13.0|  2.5|  3.2| 0.3|prestellar  |
 85|182758.8-034948|18 27 58.85 -03 49 48.3|3.6e-02|4.3e-02| 2.00|0.30|12.9|0.3| 15.1| 12.8| 18.8|  7.9|  6.5| 11.6| 0.4|prestellar  |
 86|182801.9-033921|18 28 01.91 -03 39 21.1|1.9e-02|3.1e-02| 0.10|0.05|11.5|4.5|  1.2|  1.2|  3.2|  0.8|  0.8|  3.7| 3.8|prestellar  |no SED fit   tentative bound
 87|182803.8-012214|18 28 03.89 -01 22 14.8|4.0e-02|4.8e-02| 1.96|0.53| 8.9|0.5| 24.0| 10.2| 14.7| 11.7|  4.7|  8.1| 0.4|prestellar  |
 88|182805.4-034021|18 28 05.48 -03 40 21.4|2.0e-02|3.1e-02| 0.09|0.04|11.5|4.5|  1.2|  1.1|  2.6|  0.7|  0.8|  2.9| 4.5|starless    |no SED fit
 89|182806.6-034720|18 28 06.66 -03 47 20.3|2.2e-02|3.3e-02| 0.20|0.10|11.5|4.5| 12.6|  2.2|  4.9|  7.4|  1.4|  4.8| 2.2|prestellar  |no SED fit   tentative bound
 90|182806.6-034623|18 28 06.66 -03 46 23.3|4.2e-02|4.8e-02| 0.80|0.41|13.3|1.7| 18.3|  4.1|  5.5|  8.9|  1.9|  2.9| 1.0|prestellar  |
 91|182808.0-032558|18 28 08.02 -03 25 58.2|3.7e-02|4.4e-02| 0.10|0.05|11.5|4.5|  1.0|  0.6|  0.8|  0.5|  0.3|  0.5| 7.4|starless    |no SED fit
 92|182809.2-034809|18 28 09.22 -03 48 09.9|1.6e-02|2.7e-02| 3.06|0.43|13.4|0.7| 54.9| 50.8|149.4| 34.9| 41.6|209.9| 0.1|protostellar|
 93|182809.3-013354|18 28 09.36 -01 33 54.5|4.0e-02|4.6e-02| 0.41|0.17|10.9|1.2|  5.7|  2.3|  3.1|  2.8|  1.1|  1.7| 1.9|prestellar  |
 94|182809.9-013450|18 28 09.90 -01 34 50.4|6.1e-02|6.5e-02| 0.94|0.30|12.0|1.1|  7.0|  2.7|  3.0|  2.8|  0.9|  1.1| 1.3|prestellar  |
 95|182810.0-015110|18 28 10.00 -01 51 10.8|9.0e-02|9.3e-02| 1.27|0.51|11.9|1.3|  5.3|  1.7|  1.9|  1.6|  0.4|  0.4| 1.4|prestellar  |
 96|182810.1-034656|18 28 10.10 -03 46 56.5|5.3e-02|5.7e-02| 0.76|0.26|12.8|1.0| 18.0|  2.8|  3.3|  7.9|  1.1|  1.4| 1.4|prestellar  |
 97|182812.9-034434|18 28 12.97 -03 44 34.6|1.9e-02|3.0e-02| 0.08|0.04|11.5|4.5|  1.1|  1.0|  2.5|  0.7|  0.7|  2.9| 4.9|starless    |no SED fit
 98|182813.0-034735|18 28 13.05 -03 47 35.8|2.1e-02|3.2e-02| 0.21|0.10|11.5|4.5|  8.0|  2.4|  5.5|  4.7|  1.6|  5.6| 2.0|prestellar  |no SED fit   tentative bound
 99|182813.2-013718|18 28 13.23 -01 37 18.0|1.8e-02|2.9e-02| 0.06|0.03|11.5|4.5|  0.9|  0.8|  2.1|  0.6|  0.6|  2.6| 6.2|starless    |no SED fit
100|182814.4-032915|18 28 14.42 -03 29 15.2|7.5e-02|7.9e-02| 0.67|0.33|11.5|4.5|  2.7|  1.3|  1.4|  0.9|  0.4|  0.4| 2.2|prestellar  |no SED fit   tentative bound
101|182814.7-041645|18 28 14.72 -04 16 45.2|3.8e-02|4.6e-02| 0.16|0.08|11.5|4.5|  1.5|  0.9|  1.3|  0.7|  0.4|  0.8| 4.6|starless    |no SED fit
102|182816.4-013939|18 28 16.42 -01 39 39.1|1.7e-02|2.9e-02| 0.09|0.05|11.5|4.5|  1.2|  1.3|  3.9|  0.8|  1.0|  5.0| 3.6|prestellar  |no SED fit   tentative bound
103|182816.6-041504|18 28 16.66 -04 15 04.4|4.8e-02|5.4e-02| 0.16|0.08|12.5|1.5|  2.4|  0.7|  0.8|  1.1|  0.3|  0.4| 5.8|starless    |
104|182816.9-013756|18 28 16.98 -01 37 56.2|3.8e-02|4.5e-02| 0.31|0.15|11.5|4.5|  4.0|  1.8|  2.5|  2.1|  0.9|  1.4| 2.5|prestellar  |no SED fit   tentative bound
105|182817.1-035248|18 28 17.10 -03 52 48.8|4.8e-02|5.3e-02| 0.26|0.11|10.7|1.0|  3.0|  1.1|  1.3|  1.4|  0.4|  0.6| 3.7|starless    |
106|182818.3-015302|18 28 18.34 -01 53 02.3|2.5e-02|3.8e-02| 0.11|0.05|11.5|4.5|  1.2|  0.9|  2.0|  0.7|  0.5|  1.7| 4.6|starless    |no SED fit
107|182819.7-034522|18 28 19.71 -03 45 22.8|1.8e-02|2.9e-02| 0.08|0.04|11.5|4.5|  1.0|  1.1|  2.9|  0.6|  0.8|  3.5| 4.4|prestellar  |no SED fit   tentative bound
108|182820.5-013857|18 28 20.58 -01 38 57.0|5.2e-02|5.8e-02| 2.61|0.47| 9.6|0.3| 17.5|  9.2| 11.3|  7.6|  3.5|  4.7| 0.4|prestellar  |
109|182821.6-035218|18 28 21.68 -03 52 18.4|1.8e-02|3.0e-02| 0.06|0.03|11.5|4.5|  0.9|  0.8|  2.3|  0.5|  0.6|  2.7| 5.7|starless    |no SED fit
110|182822.8-041353|18 28 22.88 -04 13 53.9|3.8e-02|4.6e-02| 1.60|0.35| 9.0|0.4| 19.5|  9.0| 12.9|  9.7|  4.3|  7.3| 0.5|prestellar  |
111|182822.9-034502|18 28 22.95 -03 45 02.6|1.9e-02|3.0e-02| 0.19|0.14|10.0|1.5|  4.7|  2.5|  6.3|  2.9|  1.8|  7.3| 2.0|prestellar  |
112|182823.2-034308|18 28 23.28 -03 43 08.7|3.0e-02|3.9e-02| 0.32|0.20|10.3|1.4|  5.6|  2.5|  4.1|  3.1|  1.4|  2.9| 1.9|prestellar  |
113|182824.1-041452|18 28 24.19 -04 14 52.1|2.6e-02|3.6e-02| 0.11|0.06|11.5|4.5|  7.6|  1.0|  1.9|  4.3|  0.6|  1.6| 4.6|starless    |no SED fit
114|182825.1-024741|18 28 25.10 -02 47 41.5|4.2e-02|4.9e-02| 0.16|0.08|11.5|4.5|  1.8|  0.8|  1.1|  0.9|  0.4|  0.6| 5.0|starless    |no SED fit
115|182825.9-015316|18 28 25.95 -01 53 16.5|5.0e-02|5.6e-02| 0.94|0.47|11.5|4.5|  9.8|  3.6|  4.5|  4.3|  1.4|  2.0| 1.0|prestellar  |no SED fit
116|182827.5-015332|18 28 27.53 -01 53 32.0|3.5e-02|4.3e-02| 0.91|0.33| 9.3|0.8|  8.1|  5.8|  8.7|  4.2|  2.9|  5.4| 0.8|prestellar  |
117|182828.5-015514|18 28 28.59 -01 55 14.4|4.1e-02|5.0e-02| 0.32|0.16|11.5|4.5|  6.7|  1.5|  2.3|  3.2|  0.7|  1.2| 2.5|prestellar  |no SED fit   tentative bound
118|182829.0-034241|18 28 29.07 -03 42 41.3|3.0e-02|3.9e-02| 0.17|0.08|11.5|4.5|  2.2|  1.3|  2.2|  1.2|  0.8|  1.7| 3.5|prestellar  |no SED fit   tentative bound
119|182830.7-034348|18 28 30.71 -03 43 48.0|1.5e-02|2.6e-02| 0.06|0.03|11.5|4.5|  0.8|  1.0|  3.2|  0.5|  0.9|  4.7| 4.9|starless    |no SED fit
120|182830.9-034733|18 28 30.93 -03 47 33.4|8.7e-02|9.1e-02| 5.81|1.60| 8.6|0.5| 19.8|  8.4|  9.0|  6.1|  2.0|  2.3| 0.3|prestellar  |
121|182831.7-034158|18 28 31.77 -03 41 58.1|3.8e-02|4.4e-02| 1.03|0.44| 8.1|0.7|  9.4|  6.2|  8.5|  4.8|  3.1|  4.9| 0.7|prestellar  |
122|182831.8-013957|18 28 31.83 -01 39 57.2|1.3e-02|2.5e-02| 0.13|0.06|11.5|4.5|  1.7|  2.4|  8.4|  1.1|  2.1| 13.8| 2.1|prestellar  |no SED fit   tentative bound
123|182832.0-015356|18 28 32.09 -01 53 56.7|6.2e-02|6.7e-02|10.15|1.54| 8.4|0.3| 31.1| 27.3| 31.0| 12.2|  9.0| 10.9| 0.1|prestellar  |
124|182832.2-013353|18 28 32.29 -01 33 53.5|3.6e-02|4.3e-02| 0.18|0.09|11.4|1.4|  4.4|  1.2|  1.7|  2.3|  0.6|  1.0| 3.8|prestellar  |             tentative bound
125|182838.4-013424|18 28 38.49 -01 34 24.0|1.8e-02|2.9e-02| 0.08|0.04|11.5|4.5|  1.1|  1.1|  2.9|  0.7|  0.8|  3.5| 4.5|prestellar  |no SED fit   tentative bound
126|182839.9-015234|18 28 39.95 -01 52 34.2|4.2e-02|4.9e-02| 0.13|0.07|11.5|4.5|  1.7|  0.6|  0.9|  0.8|  0.3|  0.5| 6.3|starless    |no SED fit
127|182841.2-013636|18 28 41.26 -01 36 36.7|2.6e-02|3.8e-02| 0.16|0.08|11.5|4.5|  2.6|  1.3|  2.8|  1.4|  0.7|  2.4| 3.2|prestellar  |no SED fit   tentative bound
128|182844.0-012954|18 28 44.02 -01 29 54.2|3.7e-02|4.4e-02| 1.84|0.60| 7.5|0.5| 20.0| 11.3| 16.0| 10.3|  5.6|  9.5| 0.4|prestellar  |
129|182844.3-012829|18 28 44.31 -01 28 29.7|5.8e-02|6.2e-02| 2.12|0.45|10.1|0.5| 20.5|  6.5|  7.5|  8.4|  2.3|  2.9| 0.5|prestellar  |
130|182845.8-014114|18 28 45.82 -01 41 14.6|2.3e-02|3.3e-02| 0.08|0.04|11.5|4.5|  1.1|  0.9|  1.7|  0.6|  0.6|  1.6| 5.8|starless    |no SED fit
131|182846.7-013749|18 28 46.78 -01 37 49.6|2.0e-02|3.1e-02| 0.40|0.11|11.5|0.5| 11.9|  4.8| 11.5|  7.1|  3.4| 12.3| 1.0|prestellar  |
132|182847.2-012738|18 28 47.29 -01 27 38.8|7.0e-02|7.4e-02| 5.00|1.05| 8.9|0.4| 19.1| 11.0| 12.2|  6.9|  3.3|  3.8| 0.3|prestellar  |
133|182847.7-014205|18 28 47.76 -01 42 05.4|4.4e-02|5.1e-02| 0.17|0.12|14.2|2.9|  2.9|  0.8|  1.0|  1.4|  0.3|  0.5| 5.1|starless    |
134|182847.9-034632|18 28 47.98 -03 46 32.1|4.1e-02|4.8e-02| 0.34|0.20|10.6|1.4|  3.5|  1.8|  2.4|  1.7|  0.8|  1.3| 2.4|prestellar  |             tentative bound
135|182848.0-013811|18 28 48.09 -01 38 11.6|1.4e-02|2.6e-02| 0.22|0.04|14.7|0.9|  6.8|  3.8| 13.2|  4.3|  3.2| 20.8| 1.3|protostellar|
136|182849.7-014806|18 28 49.70 -01 48 06.9|6.0e-02|6.5e-02| 0.94|0.28|11.6|1.0|  9.9|  2.7|  3.1|  4.0|  0.9|  1.1| 1.3|prestellar  |
137|182851.9-004827|18 28 51.95 -00 48 27.6|8.6e-02|9.0e-02| 0.39|0.07|13.3|0.6|  1.6|  0.6|  0.6|  0.5|  0.1|  0.2| 4.4|starless    |
138|182853.9-020249|18 28 53.99 -02 02 49.8|1.9e-02|3.0e-02| 0.07|0.02|16.5|1.6|  1.4|  1.0|  2.5|  0.9|  0.7|  3.0| 5.0|starless    |
139|182856.6-020333|18 28 56.68 -02 03 33.5|7.2e-02|7.5e-02| 0.41|0.15|15.9|1.6|  2.1|  0.9|  0.9|  0.8|  0.2|  0.3| 3.5|starless    |
140|182857.1-011953|18 28 57.19 -01 19 53.7|3.4e-02|4.2e-02| 0.30|0.19|10.5|1.5|  5.4|  2.0|  3.0|  2.8|  1.0|  1.9| 2.2|prestellar  |             tentative bound
141|182857.2-014323|18 28 57.24 -01 43 23.6|3.0e-02|4.1e-02| 1.42|0.64| 8.5|0.7| 18.9| 10.0| 18.6| 10.1|  5.4| 13.6| 0.4|prestellar  |
142|182857.9-014207|18 28 57.90 -01 42 07.1|2.9e-02|3.7e-02| 0.63|0.30|10.4|0.8| 13.4|  5.4|  9.2|  7.5|  3.2|  7.0| 0.9|prestellar  |
143|182858.3-014820|18 28 58.36 -01 48 20.2|3.2e-02|4.0e-02| 0.11|0.06|11.5|4.5|  1.5|  0.8|  1.3|  0.8|  0.5|  0.9| 5.7|starless    |no SED fit
144|182859.1-025746|18 28 59.14 -02 57 46.9|8.6e-02|8.9e-02| 0.93|0.38|13.4|1.5|  3.0|  1.4|  1.5|  0.9|  0.3|  0.4| 1.8|prestellar  |
145|182859.4-020430|18 28 59.45 -02 04 30.4|1.9e-02|3.1e-02| 0.13|0.07|12.2|1.3|  2.3|  1.6|  4.3|  1.4|  1.1|  4.9| 2.8|prestellar  |             tentative bound
146|182859.4-014437|18 28 59.49 -01 44 37.5|3.3e-02|4.3e-02| 0.39|0.17|11.0|1.1|  8.5|  2.5|  4.2|  4.4|  1.3|  2.8| 1.7|prestellar  |
147|182900.0-014242|18 29 00.01 -01 42 42.8|1.4e-02|2.6e-02| 0.39|0.98|10.4|1.1| 11.2|  7.1| 23.3|  7.2|  6.0| 36.0| 0.7|protostellar|
148|182901.5-020746|18 29 01.52 -02 07 46.8|1.6e-02|2.8e-02| 0.08|0.05|13.8|2.1|  1.8|  1.3|  3.7|  1.2|  1.0|  5.0| 4.0|prestellar  |             tentative bound
149|182902.8-014744|18 29 02.83 -01 47 44.0|2.9e-02|4.0e-02| 0.19|0.09|11.8|1.4|  4.0|  1.4|  2.7|  2.2|  0.8|  2.0| 3.0|prestellar  |             tentative bound
150|182903.0-020400|18 29 03.01 -02 04 00.1|2.1e-02|3.1e-02| 0.03|0.02|17.1|2.5|  0.5|  0.4|  0.8|  0.3|  0.2|  0.9|14.3|starless    |
151|182903.6-013903|18 29 03.62 -01 39 03.0|1.4e-02|2.6e-02| 1.07|0.09|13.3|0.3| 24.5| 19.4| 65.5| 15.8| 16.7|103.2| 0.3|protostellar|
152|182903.7-013303|18 29 03.70 -01 33 03.7|3.3e-02|4.0e-02| 0.31|0.26| 9.8|1.7|  4.3|  2.2|  3.3|  2.3|  1.2|  2.2| 2.1|prestellar  |             tentative bound
153|182903.8-014244|18 29 03.87 -01 42 44.7|3.6e-02|4.2e-02| 1.07|0.25|10.3|0.5| 16.2|  7.0| 10.0|  8.5|  3.6|  6.1| 0.7|prestellar  |
154|182905.1-021453|18 29 05.12 -02 14 53.3|3.6e-02|4.5e-02| 0.16|0.08|11.5|4.5|  1.7|  0.9|  1.4|  0.9|  0.5|  0.9| 4.5|starless    |no SED fit
155|182905.5-014153|18 29 05.52 -01 41 53.6|1.5e-02|2.8e-02| 1.20|0.32|15.6|2.6| 25.5| 18.7| 64.1| 16.0| 14.9| 94.4| 0.2|protostellar|
156|182906.0-013626|18 29 06.05 -01 36 26.7|8.5e-02|8.8e-02| 0.56|0.28|11.5|4.5|  2.7|  0.9|  0.9|  0.9|  0.2|  0.2| 3.0|starless    |no SED fit
157|182906.1-034251|18 29 06.12 -03 42 51.6|2.5e-02|3.5e-02| 1.21|0.61|11.5|4.5| 20.8| 11.5| 22.8| 11.9|  7.1| 19.9| 0.4|protostellar|no SED fit
158|182906.5-020557|18 29 06.54 -02 05 57.7|1.1e-02|2.4e-02| 1.18|0.47| 9.4|0.8| 19.9| 24.6|106.5| 13.1| 22.6|203.6| 0.2|prestellar  |
159|182906.8-014726|18 29 06.81 -01 47 26.2|4.1e-02|4.9e-02| 0.63|0.23|10.3|0.9|  8.9|  3.1|  4.5|  4.3|  1.4|  2.4| 1.3|prestellar  |
160|182907.3-034324|18 29 07.32 -03 43 24.5|1.3e-02|2.6e-02| 1.79|0.13|11.6|0.2| 34.3| 32.5|120.8| 22.1| 27.9|199.6| 0.1|protostellar|
161|182907.6-014613|18 29 07.67 -01 46 13.5|1.9e-02|3.0e-02| 0.05|0.02|11.5|4.5|  0.8|  0.6|  1.6|  0.5|  0.5|  1.8| 7.8|starless    |no SED fit
162|182908.3-020528|18 29 08.30 -02 05 28.9|5.5e-02|6.0e-02| 3.10|0.33|13.1|0.4| 30.3| 10.1| 12.0| 12.7|  3.7|  4.8| 0.4|prestellar  |
163|182908.3-013046|18 29 08.34 -01 30 46.8|1.4e-02|2.6e-02| 2.28|0.36|13.7|1.0| 39.4| 40.2|141.4| 25.3| 34.0|224.1| 0.1|protostellar|
164|182908.9-015122|18 29 08.99 -01 51 22.1|4.2e-02|4.9e-02| 0.23|0.12|11.5|4.5|  2.3|  1.2|  1.6|  1.1|  0.5|  0.8| 3.5|prestellar  |no SED fit   tentative bound
165|182909.1-015401|18 29 09.15 -01 54 01.1|2.9e-02|4.1e-02| 0.16|0.08|11.5|4.5|  2.0|  1.2|  2.3|  1.1|  0.6|  1.7| 3.5|prestellar  |no SED fit   tentative bound
166|182909.9-030521|18 29 09.97 -03 05 21.6|6.3e-02|6.8e-02| 0.48|0.30|12.8|2.1|  3.2|  1.2|  1.4|  1.2|  0.4|  0.5| 2.6|prestellar  |             tentative bound
167|182910.0-013445|18 29 10.03 -01 34 45.3|5.1e-02|5.6e-02| 0.37|0.18|11.5|4.5|  3.1|  1.4|  1.7|  1.4|  0.6|  0.7| 2.7|prestellar  |no SED fit   tentative bound
168|182911.3-014441|18 29 11.35 -01 44 41.7|5.0e-02|5.6e-02| 0.33|0.17|11.5|4.5|  3.1|  1.2|  1.5|  1.4|  0.5|  0.7| 3.0|prestellar  |no SED fit   tentative bound
169|182911.4-013103|18 29 11.48 -01 31 03.6|3.0e-02|3.8e-02| 0.42|0.21|11.5|4.5|  4.9|  3.5|  5.6|  2.7|  2.0|  4.0| 1.4|prestellar  |no SED fit
170|182911.5-034316|18 29 11.59 -03 43 16.6|2.7e-02|3.8e-02| 0.97|0.33| 8.9|0.7| 20.8|  8.0| 15.2| 11.5|  4.6| 12.2| 0.6|prestellar  |
171|182912.6-014618|18 29 12.68 -01 46 18.4|3.1e-02|3.9e-02| 1.32|0.21|10.0|0.4| 28.4| 10.3| 15.9| 15.5|  5.8| 11.1| 0.5|protostellar|
172|182912.7-014321|18 29 12.78 -01 43 21.2|2.5e-02|3.5e-02| 0.05|0.06|13.8|3.4|  1.8|  0.4|  0.9|  1.0|  0.3|  0.7|10.6|starless    |
173|182913.0-030516|18 29 13.00 -03 05 16.5|2.0e-02|3.2e-02| 0.04|0.02|13.2|1.5|  0.5|  0.4|  1.1|  0.3|  0.3|  1.2|10.8|starless    |
174|182913.1-020351|18 29 13.10 -02 03 51.2|1.8e-02|3.0e-02| 0.34|0.07|18.5|4.4|  4.5|  4.4| 12.6|  2.7|  3.2| 15.5| 1.0|protostellar|
175|182913.8-015334|18 29 13.88 -01 53 34.1|1.4e-02|2.6e-02| 0.06|0.03|11.5|4.5|  0.9|  1.0|  3.4|  0.6|  0.8|  5.3| 5.0|starless    |no SED fit
176|182913.9-011742|18 29 13.90 -01 17 42.8|4.3e-02|5.1e-02| 0.81|0.30| 9.5|0.7|  8.5|  3.7|  5.3|  4.0|  1.6|  2.7| 1.0|prestellar  |
177|182914.8-014950|18 29 14.81 -01 49 50.9|4.1e-02|4.8e-02| 0.66|0.17|10.4|0.6|  5.5|  3.3|  4.7|  2.7|  1.5|  2.5| 1.2|prestellar  |
178|182915.1-034305|18 29 15.10 -03 43 05.8|2.1e-02|3.2e-02| 0.09|0.04|11.5|4.5|  1.2|  1.0|  2.5|  0.7|  0.7|  2.6| 4.6|starless    |no SED fit
179|182915.1-011147|18 29 15.17 -01 11 47.2|8.1e-02|8.4e-02| 0.45|0.27|13.8|2.4|  2.5|  0.8|  0.8|  0.8|  0.2|  0.2| 3.5|starless    |
180|182916.6-015040|18 29 16.67 -01 50 40.2|3.4e-02|4.1e-02| 0.45|0.12|10.3|0.7| 10.9|  3.1|  4.7|  5.8|  1.6|  3.1| 1.5|prestellar  |
181|182916.8-013020|18 29 16.89 -01 30 20.8|1.9e-02|3.0e-02| 0.09|0.04|11.5|4.5|  1.4|  1.1|  2.8|  0.8|  0.8|  3.2| 4.3|prestellar  |no SED fit   tentative bound
182|182917.3-020338|18 29 17.39 -02 03 38.3|1.9e-02|3.0e-02| 0.55|0.16|10.6|0.7| 10.4|  7.2| 17.7|  6.4|  5.3| 20.2| 0.7|prestellar  |
183|182918.0-011527|18 29 18.02 -01 15 27.4|5.7e-02|6.2e-02| 0.40|0.17|12.5|1.5|  3.3|  1.3|  1.5|  1.4|  0.4|  0.6| 2.8|prestellar  |             tentative bound
184|182918.7-033846|18 29 18.71 -03 38 46.8|4.5e-02|5.2e-02| 0.21|0.11|11.5|4.5|  1.9|  0.9|  1.2|  0.9|  0.4|  0.6| 4.2|starless    |no SED fit
185|182918.7-034503|18 29 18.75 -03 45 03.0|3.3e-02|4.1e-02| 2.16|0.58| 8.0|0.5| 32.8| 15.6| 23.4| 17.6|  8.4| 15.5| 0.3|prestellar  |
186|182918.7-013303|18 29 18.75 -01 33 03.5|2.1e-02|3.2e-02| 0.07|0.04|11.5|4.5|  1.2|  0.9|  2.0|  0.7|  0.6|  2.2| 5.5|starless    |no SED fit
187|182919.0-022253|18 29 19.00 -02 22 53.9|4.8e-02|5.3e-02| 0.09|0.05|14.5|4.5|  1.6|  0.4|  0.5|  0.7|  0.2|  0.2|10.1|starless    |no SED fit
188|182919.2-034254|18 29 19.20 -03 42 54.4|2.1e-02|3.4e-02| 0.17|0.11|11.0|1.6|  3.3|  1.7|  4.4|  1.9|  1.1|  4.6| 2.5|prestellar  |             tentative bound
189|182919.4-015303|18 29 19.40 -01 53 03.6|8.3e-02|8.7e-02| 3.15|0.83| 9.0|0.5| 11.2|  5.0|  5.4|  3.6|  1.3|  1.4| 0.5|prestellar  |
190|182919.8-020127|18 29 19.84 -02 01 27.6|2.2e-02|3.4e-02| 0.09|0.08|13.1|3.0|  1.4|  0.9|  2.1|  0.8|  0.6|  2.0| 5.0|starless    |
191|182920.0-015343|18 29 20.03 -01 53 43.5|4.5e-02|5.2e-02| 0.42|0.20|11.0|1.1|  4.8|  1.8|  2.5|  2.2|  0.8|  1.2| 2.1|prestellar  |             tentative bound
192|182920.1-013618|18 29 20.12 -01 36 18.8|3.2e-02|4.0e-02| 1.65|0.34| 8.7|0.4| 24.0| 12.3| 18.8| 12.9|  6.7| 12.8| 0.4|prestellar  |
193|182920.4-025526|18 29 20.43 -02 55 26.8|5.1e-02|5.6e-02| 0.21|0.11|11.5|4.5|  1.8|  0.8|  1.0|  0.8|  0.3|  0.4| 4.7|starless    |no SED fit
194|182920.7-013644|18 29 20.73 -01 36 44.7|2.0e-02|3.0e-02| 0.53|0.15|10.0|0.6| 15.9|  6.9| 16.4|  9.7|  5.0| 18.3| 0.7|prestellar  |
195|182921.0-015754|18 29 21.01 -01 57 54.9|5.4e-02|5.9e-02| 1.22|0.32|10.6|0.7| 18.5|  4.2|  4.9|  7.9|  1.6|  2.0| 0.9|prestellar  |
196|182921.1-013712|18 29 21.13 -01 37 12.8|1.7e-02|2.9e-02| 0.32|0.06|11.3|0.5|  6.9|  4.4| 12.4|  4.3|  3.3| 15.6| 1.1|protostellar|
197|182921.1-020048|18 29 21.13 -02 00 48.4|5.6e-02|6.1e-02| 0.53|0.19|11.8|0.8|  3.2|  1.7|  2.0|  1.3|  0.6|  0.8| 2.1|prestellar  |             tentative bound
198|182921.2-013437|18 29 21.20 -01 34 37.3|3.2e-02|4.5e-02| 0.48|0.24|11.5|4.5|  4.8|  2.8|  5.5|  2.4|  1.4|  3.7| 1.3|prestellar  |no SED fit
199|182922.0-042510|18 29 22.00 -04 25 10.1|2.6e-02|3.5e-02| 0.17|0.71|12.1|1.5|  6.3|  1.7|  3.0|  3.7|  1.1|  2.6| 3.0|prestellar  |             tentative bound
200|182922.2-015558|18 29 22.28 -01 55 58.7|2.3e-02|3.3e-02| 0.30|0.11|10.7|0.8|  8.1|  3.3|  6.8|  4.8|  2.2|  6.5| 1.5|prestellar  |
201|182922.5-030248|18 29 22.59 -03 02 48.6|2.9e-02|3.9e-02| 0.72|0.34| 8.9|1.0|  9.5|  5.5| 10.3|  5.1|  3.0|  7.9| 0.8|prestellar  |
202|182923.6-013854|18 29 23.69 -01 38 54.0|1.4e-02|2.6e-02| 0.71|0.11|11.9|0.8| 11.9| 12.7| 41.7|  7.7| 10.8| 64.5| 0.4|protostellar|
203|182923.7-011708|18 29 23.72 -01 17 08.4|4.0e-02|4.6e-02| 0.13|0.07|11.5|4.5|  1.6|  0.7|  1.0|  0.8|  0.3|  0.5| 6.1|starless    |no SED fit
204|182923.9-013956|18 29 23.95 -01 39 56.7|5.2e-02|5.7e-02| 0.37|0.18|11.5|4.5|  3.6|  1.4|  1.6|  1.6|  0.5|  0.7| 2.8|prestellar  |no SED fit   tentative bound
205|182924.1-043934|18 29 24.15 -04 39 34.1|3.5e-02|4.2e-02| 0.53|0.23| 9.6|0.9|  7.2|  3.6|  5.3|  3.8|  1.9|  3.3| 1.3|prestellar  |
206|182924.4-042554|18 29 24.48 -04 25 54.4|2.3e-02|3.3e-02| 0.06|0.03|11.5|4.5|  0.8|  0.7|  1.5|  0.5|  0.5|  1.4| 7.0|starless    |no SED fit
207|182924.6-015818|18 29 24.68 -01 58 18.7|3.2e-02|4.0e-02| 0.85|0.25|10.2|0.7| 12.8|  6.2|  9.9|  6.9|  3.4|  6.8| 0.7|prestellar  |
208|182925.4-014605|18 29 25.40 -01 46 05.1|4.6e-02|5.2e-02| 0.24|0.12|11.5|4.5|  2.7|  1.0|  1.4|  1.3|  0.4|  0.6| 3.8|starless    |no SED fit
209|182925.5-014731|18 29 25.54 -01 47 31.5|2.4e-02|3.4e-02| 0.11|0.02|14.2|0.6|  3.1|  1.1|  2.2|  1.8|  0.7|  1.9| 4.4|protostellar|
210|182925.9-030924|18 29 25.94 -03 09 24.2|3.0e-02|4.0e-02| 0.11|0.04|14.3|1.0|  1.4|  0.8|  1.5|  0.8|  0.5|  1.1| 5.2|starless    |
211|182926.4-034452|18 29 26.40 -03 44 52.7|3.2e-02|3.9e-02| 1.36|0.32| 9.5|0.5| 20.6| 10.4| 16.1| 11.2|  5.8| 11.1| 0.5|prestellar  |
212|182926.4-014940|18 29 26.45 -01 49 40.2|2.2e-02|3.4e-02| 0.80|0.35| 8.7|0.8| 20.8|  8.2| 19.1| 12.1|  5.3| 18.9| 0.6|prestellar  |
213|182926.7-034343|18 29 26.71 -03 43 43.9|2.3e-02|3.6e-02| 1.09|0.51| 8.1|0.8| 17.2|  9.7| 23.9|  9.7|  5.9| 22.6| 0.4|prestellar  |
214|182926.9-014641|18 29 26.90 -01 46 41.1|1.1e-02|2.3e-02| 0.04|0.04|13.2|3.3|  1.4|  0.8|  3.3|  0.9|  0.8|  6.3| 6.2|starless    |
215|182927.9-015237|18 29 27.90 -01 52 37.0|2.3e-02|3.5e-02| 0.07|0.04|11.5|4.5|  1.1|  0.7|  1.6|  0.6|  0.5|  1.5| 6.3|starless    |no SED fit
216|182928.1-014413|18 29 28.10 -01 44 13.4|1.8e-02|3.0e-02| 0.09|0.05|11.5|4.5|  1.2|  1.2|  3.4|  0.7|  0.8|  4.1| 3.9|prestellar  |no SED fit   tentative bound
217|182928.3-024920|18 29 28.31 -02 49 20.6|1.1e-01|1.1e-01| 1.39|0.42|12.5|1.1|  4.8|  1.4|  1.5|  1.3|  0.3|  0.3| 1.5|prestellar  |
218|182929.2-014501|18 29 29.25 -01 45 01.5|4.1e-02|4.7e-02| 0.14|0.07|11.5|4.5|  2.5|  0.7|  1.0|  1.2|  0.3|  0.5| 5.9|starless    |no SED fit
219|182929.9-034239|18 29 29.92 -03 42 39.4|2.9e-02|3.8e-02| 0.53|0.35| 8.5|1.1|  7.4|  4.5|  7.7|  4.1|  2.6|  5.9| 1.1|prestellar  |
220|182930.3-014929|18 29 30.31 -01 49 29.2|3.5e-02|4.2e-02| 0.20|0.10|11.5|4.5|  3.6|  1.4|  2.0|  1.9|  0.7|  1.2| 3.4|prestellar  |no SED fit   tentative bound
221|182931.0-014006|18 29 31.09 -01 40 06.5|2.9e-02|3.7e-02| 1.02|0.28| 8.8|0.5| 18.5|  8.8| 14.7| 10.3|  5.2| 11.2| 0.6|prestellar  |
222|182931.1-014401|18 29 31.19 -01 44 01.7|3.2e-02|4.4e-02| 0.43|0.19|10.1|1.0|  7.2|  2.7|  4.9|  3.7|  1.3|  3.3| 1.5|prestellar  |
223|182931.4-014834|18 29 31.41 -01 48 34.6|5.8e-02|6.4e-02| 1.26|0.46|10.6|1.0| 17.6|  3.6|  4.5|  7.1|  1.2|  1.7| 0.9|prestellar  |
224|182933.6-025547|18 29 33.63 -02 55 47.9|6.4e-02|6.8e-02| 0.46|0.15|13.2|1.2|  4.1|  1.2|  1.3|  1.6|  0.4|  0.5| 2.7|prestellar  |             tentative bound
225|182933.8-015055|18 29 33.88 -01 50 55.8|2.3e-02|3.5e-02| 1.13|0.52| 8.4|0.8|  7.7| 11.3| 24.8|  4.5|  7.1| 23.3| 0.4|prestellar  |
226|182934.3-014240|18 29 34.30 -01 42 40.5|5.4e-02|5.9e-02| 0.28|0.14|11.5|4.5|  2.6|  0.9|  1.1|  1.1|  0.3|  0.4| 3.9|starless    |no SED fit
227|182934.3-014328|18 29 34.34 -01 43 28.2|2.6e-02|3.5e-02| 0.16|0.08|11.5|4.5|  2.3|  1.5|  2.7|  1.3|  0.9|  2.3| 3.3|prestellar  |no SED fit   tentative bound
228|182934.4-014545|18 29 34.44 -01 45 45.4|5.1e-02|5.6e-02| 0.52|0.26|11.5|4.5|  4.8|  2.0|  2.4|  2.1|  0.8|  1.0| 1.9|prestellar  |no SED fit
229|182934.4-021435|18 29 34.44 -02 14 35.2|2.1e-02|3.2e-02| 0.03|0.01|11.5|4.5|  0.7|  0.3|  0.7|  0.4|  0.2|  0.8|15.1|starless    |no SED fit
230|182935.5-023320|18 29 35.55 -02 33 20.8|5.0e-02|5.5e-02| 0.16|0.10|16.3|3.6|  1.5|  0.6|  0.8|  0.7|  0.3|  0.3| 6.1|starless    |
231|182935.7-015638|18 29 35.76 -01 56 38.6|1.5e-02|2.7e-02| 0.09|0.04|11.5|4.5|  1.2|  1.4|  4.3|  0.8|  1.1|  6.1| 3.6|prestellar  |no SED fit   tentative bound
232|182935.8-034416|18 29 35.83 -03 44 16.2|3.6e-02|4.3e-02| 0.16|0.10|12.4|2.0|  2.6|  1.0|  1.5|  1.3|  0.5|  0.9| 4.3|starless    |
233|182936.2-034519|18 29 36.25 -03 45 19.7|6.2e-02|6.7e-02| 0.26|0.11|13.0|1.5|  2.9|  0.7|  0.8|  1.1|  0.2|  0.3| 4.7|starless    |
234|182936.3-012542|18 29 36.36 -01 25 42.7|3.1e-02|4.0e-02| 0.28|0.20|10.3|2.0|  4.4|  2.1|  3.4|  2.4|  1.1|  2.4| 2.2|prestellar  |             tentative bound
235|182936.5-014634|18 29 36.53 -01 46 34.6|1.1e-02|2.3e-02| 0.06|0.03|11.5|4.5|  2.5|  1.3|  5.2|  1.7|  1.2|  9.9| 3.9|prestellar  |no SED fit   tentative bound
236|182937.2-015559|18 29 37.27 -01 55 59.5|2.0e-02|3.1e-02| 0.05|0.02|11.5|4.5|  0.9|  0.6|  1.5|  0.5|  0.4|  1.7| 7.9|starless    |no SED fit
237|182937.4-014856|18 29 37.45 -01 48 56.7|2.2e-02|3.4e-02| 0.32|0.21|10.1|1.5|  9.2|  3.2|  8.0|  5.3|  2.1|  8.1| 1.3|prestellar  |
238|182937.4-021345|18 29 37.45 -02 13 45.4|2.0e-02|3.0e-02| 0.07|0.03|11.5|4.5|  8.1|  0.9|  2.2|  4.9|  0.6|  2.4| 5.5|starless    |no SED fit
239|182938.0-015058|18 29 38.08 -01 50 58.7|1.7e-02|2.9e-02| 3.20|0.58|12.8|1.6| 45.6| 45.1|128.3| 28.2| 34.1|163.4| 0.1|prestellar  |
240|182939.2-014602|18 29 39.29 -01 46 02.9|7.9e-02|8.2e-02| 1.36|0.68|11.5|4.5|  5.2|  2.4|  2.6|  1.7|  0.6|  0.7| 1.1|prestellar  |no SED fit
241|182941.1-020147|18 29 41.17 -02 01 47.3|3.1e-02|3.9e-02| 0.32|0.15|10.4|1.3|  8.2|  2.4|  3.9|  4.4|  1.3|  2.8| 1.9|prestellar  |
242|182941.1-021339|18 29 41.18 -02 13 39.1|1.8e-02|2.9e-02| 0.40|0.71| 9.1|0.8|  6.2|  5.5| 14.0|  3.9|  4.1| 16.6| 0.9|prestellar  |
243|182941.2-015327|18 29 41.26 -01 53 27.0|2.9e-02|4.3e-02| 1.36|0.61| 8.5|0.9|  6.1|  8.7| 19.1|  3.2|  4.5| 14.4| 0.4|prestellar  |
244|182941.3-031405|18 29 41.38 -03 14 05.7|2.3e-02|3.5e-02| 0.13|0.06|11.5|4.5|  1.5|  1.2|  2.7|  0.9|  0.8|  2.5| 3.7|prestellar  |no SED fit   tentative bound
245|182941.4-013413|18 29 41.41 -01 34 13.7|5.6e-02|6.1e-02| 1.31|0.52|10.4|1.0|  9.5|  4.1|  5.0|  3.9|  1.5|  1.9| 0.8|prestellar  |
246|182942.0-013321|18 29 42.01 -01 33 21.0|2.8e-02|3.7e-02| 0.53|0.17|10.1|0.7| 10.4|  4.7|  7.9|  5.9|  2.8|  6.1| 1.0|prestellar  |
247|182942.1-015007|18 29 42.13 -01 50 07.5|2.8e-02|3.8e-02| 7.55|1.31| 8.0|0.3|121.5| 61.3|111.8| 67.0| 35.1| 86.5| 0.1|prestellar  |
248|182942.2-031954|18 29 42.28 -03 19 54.4|2.9e-02|3.9e-02| 0.09|0.05|11.5|4.5|  1.0|  0.7|  1.3|  0.6|  0.4|  0.9| 6.4|starless    |no SED fit
249|182943.0-020039|18 29 43.09 -02 00 39.5|1.8e-02|2.9e-02| 0.02|0.01|16.0|2.6|  0.6|  0.2|  0.6|  0.3|  0.2|  0.8|21.2|starless    |
250|182943.4-015649|18 29 43.44 -01 56 49.9|1.5e-02|2.6e-02| 0.17|0.02|14.6|0.5|  5.2|  2.8|  9.1|  3.3|  2.4| 13.5| 1.8|protostellar|
251|182943.8-021256|18 29 43.84 -02 12 56.0|1.7e-02|2.9e-02| 0.85|0.43|11.5|4.5| 20.4| 11.8| 36.1| 12.6|  8.8| 47.3| 0.4|protostellar|no SED fit
252|182944.0-015713|18 29 44.07 -01 57 13.6|2.0e-02|3.1e-02| 0.32|0.08|11.2|0.6|  6.4|  4.0|  9.7|  3.8|  2.8| 10.8| 1.2|prestellar  |
253|182944.1-024254|18 29 44.19 -02 42 54.3|2.9e-02|3.7e-02| 0.36|0.16| 9.4|0.9|  5.3|  3.1|  5.1|  3.0|  1.8|  3.9| 1.6|prestellar  |
254|182944.9-015457|18 29 44.90 -01 54 57.1|1.8e-02|2.9e-02| 0.10|0.05|11.5|4.5|  3.4|  1.4|  3.8|  2.1|  1.0|  4.7| 3.6|prestellar  |no SED fit   tentative bound
255|182945.5-013523|18 29 45.58 -01 35 23.9|1.9e-02|3.0e-02| 0.30|0.15|11.5|4.5|  3.2|  4.0|  9.5|  2.0|  2.9| 10.7| 1.3|prestellar  |no SED fit
256|182946.1-015248|18 29 46.16 -01 52 48.9|3.7e-02|4.4e-02| 1.13|0.61| 7.6|0.8| 14.7|  6.8|  9.6|  7.5|  3.3|  5.7| 0.7|prestellar  |
257|182946.7-020135|18 29 46.72 -02 01 35.3|4.1e-02|4.9e-02| 0.29|0.15|11.5|4.5|  3.1|  1.5|  2.1|  1.5|  0.7|  1.1| 2.8|prestellar  |no SED fit   tentative bound
258|182946.7-021219|18 29 46.76 -02 12 19.9|2.2e-02|3.5e-02| 0.35|0.21|10.3|1.6|  9.6|  3.4|  8.1|  5.6|  2.2|  7.9| 1.3|prestellar  |
259|182946.8-020653|18 29 46.87 -02 06 53.7|3.5e-02|4.2e-02| 1.59|0.19|11.9|0.3| 18.2| 10.8| 15.5|  9.6|  5.7|  9.8| 0.4|prestellar  |
260|182947.0-031303|18 29 47.02 -03 13 03.1|3.0e-02|4.0e-02| 0.14|0.07|11.5|4.5|  3.0|  1.0|  1.9|  1.6|  0.6|  1.4| 4.2|starless    |no SED fit
261|182947.4-015324|18 29 47.46 -01 53 24.4|3.2e-02|4.4e-02| 2.38|1.13| 7.8|0.7|  6.3| 14.7| 27.8|  3.2|  7.4| 19.1| 0.3|prestellar  |
262|182947.4-013447|18 29 47.49 -01 34 47.7|1.5e-02|2.6e-02| 0.10|0.05|11.5|4.5|  1.4|  1.8|  5.5|  0.9|  1.5|  8.1| 2.9|prestellar  |no SED fit   tentative bound
263|182948.3-013555|18 29 48.35 -01 35 55.5|2.4e-02|3.5e-02| 0.38|0.19|11.5|4.5|  5.0|  3.7|  8.0|  2.9|  2.3|  7.4| 1.2|prestellar  |no SED fit
264|182948.8-014735|18 29 48.85 -01 47 35.1|5.5e-02|5.9e-02| 2.53|0.55|10.3|0.6| 29.5|  8.5| 10.1| 12.6|  3.1|  4.0| 0.4|prestellar  |
265|182949.2-015819|18 29 49.26 -01 58 19.4|2.1e-02|3.2e-02| 0.18|0.09|11.5|4.5|  7.8|  2.1|  4.8|  4.7|  1.5|  5.0| 2.3|prestellar  |no SED fit   tentative bound
266|182949.6-015453|18 29 49.65 -01 54 53.6|3.1e-02|4.1e-02| 0.73|0.37|11.5|4.5|  6.1|  5.2|  9.0|  3.2|  2.7|  6.3| 0.8|prestellar  |no SED fit
267|182949.9-013647|18 29 49.92 -01 36 47.2|3.6e-02|4.3e-02| 0.65|0.32|11.5|4.5|  6.7|  4.1|  5.9|  3.5|  2.1|  3.5| 1.1|prestellar  |no SED fit
268|182950.5-021239|18 29 50.50 -02 12 39.2|1.5e-02|2.7e-02| 0.06|0.03|11.5|4.5|  1.1|  1.0|  3.1|  0.7|  0.8|  4.4| 5.0|starless    |no SED fit
269|182950.7-014313|18 29 50.72 -01 43 13.5|4.4e-02|5.1e-02| 1.01|0.51|11.5|4.5|  6.4|  4.5|  6.1|  3.0|  1.9|  3.0| 0.9|prestellar  |no SED fit
270|182952.1-015613|18 29 52.10 -01 56 13.3|1.9e-02|3.1e-02| 0.64|0.46| 8.8|1.3| 12.3|  8.1| 21.4|  7.4|  5.9| 25.0| 0.6|prestellar  |
271|182953.0-015804|18 29 53.06 -01 58 04.5|2.2e-02|3.3e-02| 0.58|1.65|10.9|1.2| 23.3|  6.2| 14.2| 13.7|  4.1| 14.1| 0.8|protostellar|
272|182953.2-020626|18 29 53.26 -02 06 26.5|3.2e-02|4.0e-02| 0.44|0.37| 9.7|1.6|  9.1|  3.2|  5.1|  4.9|  1.8|  3.4| 1.4|prestellar  |
273|182953.7-020653|18 29 53.73 -02 06 53.9|1.6e-02|2.9e-02| 0.26|0.21| 9.6|1.3|  8.5|  3.7| 11.4|  5.3|  2.8| 15.1| 1.2|prestellar  |
274|182953.8-013706|18 29 53.86 -01 37 06.0|2.0e-02|3.1e-02| 0.09|0.04|11.5|4.5|  3.0|  1.1|  2.5|  1.8|  0.7|  2.7| 4.6|starless    |no SED fit
275|182954.1-020727|18 29 54.15 -02 07 27.6|1.8e-02|2.9e-02| 0.12|0.06|11.5|4.5|  7.6|  1.7|  4.3|  4.7|  1.3|  5.2| 3.0|prestellar  |no SED fit   tentative bound
276|182954.1-014734|18 29 54.17 -01 47 34.3|5.2e-02|5.8e-02| 0.73|0.36|11.5|4.5|  6.2|  2.6|  3.2|  2.7|  1.0|  1.3| 1.4|prestellar  |no SED fit
277|182954.3-024902|18 29 54.38 -02 49 02.7|2.9e-02|4.1e-02| 0.16|0.10|11.1|1.7|  3.6|  1.1|  2.3|  1.9|  0.6|  1.7| 3.6|prestellar  |             tentative bound
278|182955.6-020025|18 29 55.62 -02 00 25.5|1.2e-02|2.5e-02| 0.17|0.09|11.5|4.5|  3.0|  3.4| 13.6|  1.9|  3.0| 24.2| 1.4|prestellar  |no SED fit
279|182956.8-015345|18 29 56.86 -01 53 45.2|1.7e-02|2.8e-02| 0.06|0.03|11.5|4.5|  8.3|  0.8|  2.2|  5.2|  0.7|  2.9| 6.1|starless    |no SED fit
280|182957.5-015843|18 29 57.50 -01 58 43.7|5.4e-02|5.9e-02|19.70|2.52| 8.2|0.2|150.3| 68.0| 80.5| 64.5| 25.4| 32.8| 0.1|prestellar  |
281|182957.7-015758|18 29 57.72 -01 57 58.2|1.6e-02|2.9e-02| 5.16|0.92| 8.3|0.3| 30.3| 75.4|235.6| 18.8| 57.9|320.2| 0.1|prestellar  |
282|182958.0-021101|18 29 58.07 -02 11 01.0|2.5e-02|3.8e-02| 0.18|0.06|14.3|1.0|  9.0|  1.5|  3.5|  5.0|  0.8|  3.0| 2.7|prestellar  |             tentative bound
283|182958.2-020115|18 29 58.20 -02 01 15.2|2.3e-02|3.3e-02| 1.63|0.35|11.2|0.5| 32.1| 17.8| 35.8| 18.9| 11.8| 33.7| 0.3|prestellar  |
284|182958.6-020822|18 29 58.66 -02 08 22.5|4.6e-02|5.1e-02| 6.27|2.23| 7.6|0.5| 32.7| 28.1| 35.8| 15.3| 12.0| 17.2| 0.1|prestellar  |
285|182959.6-020058|18 29 59.67 -02 00 58.7|1.3e-02|2.6e-02| 0.73|4.54|11.5|1.6| 27.8| 12.5| 48.2| 17.8| 10.5| 79.1| 0.4|protostellar|
286|183000.4-013703|18 30 00.42 -01 37 03.7|2.6e-02|3.9e-02| 1.04|0.70| 8.3|1.0|  5.0|  8.2| 19.0|  2.7|  4.6| 16.2| 0.5|prestellar  |
287|183000.5-014559|18 30 00.57 -01 45 59.9|4.0e-02|4.8e-02| 0.31|0.15|11.5|4.5|  3.0|  1.6|  2.3|  1.5|  0.7|  1.3| 2.6|prestellar  |no SED fit   tentative bound
288|183000.7-015958|18 30 00.70 -01 59 58.6|1.9e-02|2.9e-02| 0.29|0.15|11.5|4.5| 16.1|  4.0| 10.1|  9.9|  3.0| 12.0| 1.3|prestellar  |no SED fit
289|183000.8-020657|18 30 00.85 -02 06 57.3|1.8e-02|3.0e-02| 1.01|0.16|10.2|0.3| 23.3| 13.1| 36.0| 14.2|  9.5| 43.3| 0.4|protostellar|
290|183001.2-020609|18 30 01.20 -02 06 09.8|1.9e-02|3.0e-02| 0.32|0.07|17.6|1.8|  7.7|  4.1| 10.8|  4.7|  3.0| 12.6| 1.2|protostellar|
291|183001.5-020530|18 30 01.50 -02 05 30.0|1.8e-02|2.9e-02| 0.27|0.13|11.5|4.5| 20.1|  3.9| 10.3| 12.5|  3.0| 12.7| 1.3|prestellar  |no SED fit
292|183001.5-021025|18 30 01.50 -02 10 25.5|1.3e-02|2.5e-02| 1.08|0.30|16.5|3.5| 22.6| 20.2| 72.7| 14.7| 17.6|120.2| 0.2|protostellar|
293|183002.1-020815|18 30 02.13 -02 08 15.1|2.0e-02|3.1e-02| 3.33|1.13| 7.6|0.4| 57.0| 41.6| 97.7| 34.5| 29.5|106.3| 0.1|prestellar  |
294|183002.7-020103|18 30 02.77 -02 01 03.4|2.3e-02|3.3e-02| 4.94|1.09|10.3|0.9| 82.8| 52.9|115.7| 48.6| 34.8|112.6| 0.1|prestellar  |
295|183003.3-024830|18 30 03.31 -02 48 30.3|7.3e-02|7.7e-02| 4.75|1.77| 8.4|0.8| 24.9|  9.5| 10.5|  8.8|  2.7|  3.2| 0.3|prestellar  |
296|183003.4-014856|18 30 03.48 -01 48 56.4|2.6e-02|3.5e-02| 1.11|0.38| 8.1|0.5| 20.7| 10.9| 20.1| 11.9|  6.9| 17.2| 0.5|prestellar  |
297|183003.6-013629|18 30 03.68 -01 36 29.4|1.9e-02|3.1e-02| 0.80|0.17|10.7|0.5| 17.0|  9.8| 27.0| 10.2|  6.9| 31.6| 0.5|protostellar|
298|183003.8-021130|18 30 03.84 -02 11 30.3|2.0e-02|3.2e-02| 0.22|0.11|11.5|4.5|  7.3|  2.6|  6.7|  4.4|  1.7|  7.3| 1.8|prestellar  |no SED fit
299|183004.1-020305|18 30 04.19 -02 03 05.5|1.6e-02|2.7e-02| 7.98|1.51|15.5|1.2|170.4|129.2|392.6|107.9|104.5|553.9| 0.0|protostellar|
300|183004.3-015946|18 30 04.34 -01 59 46.2|2.0e-02|3.1e-02| 0.32|0.12|11.2|0.9| 11.7|  4.0|  9.5|  7.1|  2.8| 10.4| 1.2|prestellar  |
301|183004.6-042607|18 30 04.65 -04 26 07.2|3.4e-02|4.3e-02| 0.26|0.13|11.5|4.5|  3.0|  1.7|  2.6|  1.5|  0.9|  1.7| 2.6|prestellar  |no SED fit   tentative bound
302|183004.8-014948|18 30 04.89 -01 49 48.6|2.9e-02|3.7e-02| 2.01|0.57| 7.6|0.4|  7.0| 17.4| 28.8|  3.9| 10.3| 21.9| 0.3|prestellar  |
303|183005.4-014833|18 30 05.46 -01 48 33.6|3.3e-02|4.0e-02| 1.01|0.28| 9.2|0.6| 24.6|  7.4| 11.0| 13.2|  4.0|  7.3| 0.6|prestellar  |
304|183005.5-015029|18 30 05.52 -01 50 29.8|3.4e-02|4.2e-02| 0.60|0.30|11.5|4.5|  7.5|  4.0|  6.0|  3.9|  2.1|  3.8| 1.1|prestellar  |no SED fit
305|183006.6-020512|18 30 06.66 -02 05 12.4|2.1e-02|3.2e-02| 0.27|0.13|11.5|4.5| 10.4|  3.0|  7.0|  6.2|  2.0|  7.2| 1.6|prestellar  |no SED fit
306|183006.7-021848|18 30 06.72 -02 18 48.0|2.4e-02|3.6e-02| 0.06|0.02|14.3|1.2|  1.2|  0.5|  1.1|  0.7|  0.3|  1.0| 8.7|starless    |
307|183006.8-013301|18 30 06.86 -01 33 01.4|3.5e-02|4.3e-02| 0.44|0.28|10.5|1.5|  9.4|  2.9|  4.3|  4.9|  1.5|  2.7| 1.6|prestellar  |
308|183007.1-042726|18 30 07.17 -04 27 26.6|3.6e-02|4.4e-02| 0.18|0.09|11.5|4.5|  2.2|  1.1|  1.6|  1.1|  0.5|  1.0| 4.0|starless    |no SED fit
309|183007.2-021213|18 30 07.24 -02 12 13.6|3.8e-02|4.5e-02| 1.67|0.62| 9.4|0.7| 26.5|  9.7| 13.8| 13.4|  4.7|  7.9| 0.4|prestellar  |
310|183009.0-020407|18 30 09.07 -02 04 07.3|1.1e-02|2.4e-02| 0.02|0.02|15.1|2.3|  1.5|  0.5|  2.2|  1.0|  0.5|  4.1| 9.5|starless    |
311|183010.7-015803|18 30 10.70 -01 58 03.3|3.0e-02|3.8e-02| 0.09|0.05|11.5|4.5|  1.1|  0.8|  1.2|  0.6|  0.4|  0.9| 6.3|starless    |no SED fit
312|183010.8-020558|18 30 10.83 -02 05 58.8|1.9e-02|3.1e-02| 0.54|0.27|11.5|4.5| 15.8|  6.9| 17.3|  9.6|  5.0| 19.6| 0.7|prestellar  |no SED fit
313|183011.5-020047|18 30 11.50 -02 00 47.9|2.5e-02|3.4e-02| 0.02|0.04|18.3|6.3|  4.8|  0.2|  0.3|  2.7|  0.1|  0.3|31.2|starless    |
314|183011.7-024533|18 30 11.78 -02 45 33.6|2.6e-02|3.6e-02| 0.06|0.02|14.5|1.5|  1.4|  0.5|  1.0|  0.8|  0.3|  0.8| 9.2|starless    |
315|183012.4-020653|18 30 12.44 -02 06 53.6|1.5e-02|2.7e-02| 1.07|0.54|11.5|4.5| 28.2| 17.5| 57.5| 17.9| 14.2| 84.6| 0.3|protostellar|no SED fit
316|183013.1-020325|18 30 13.13 -02 03 25.0|2.1e-02|3.3e-02| 0.14|0.07|11.5|4.5|  9.6|  1.5|  3.6|  5.7|  1.0|  3.6| 3.1|prestellar  |no SED fit   tentative bound
317|183013.6-043014|18 30 13.67 -04 30 14.0|7.2e-02|7.5e-02| 1.92|0.70| 8.9|0.7|  8.1|  4.0|  4.5|  2.9|  1.2|  1.4| 0.7|prestellar  |
318|183014.1-014953|18 30 14.18 -01 49 53.1|1.9e-02|3.0e-02| 0.06|0.03|13.2|1.1|  1.4|  0.8|  2.0|  0.8|  0.6|  2.3| 6.1|starless    |
319|183014.3-015243|18 30 14.37 -01 52 43.1|2.2e-02|3.2e-02| 1.08|0.32| 8.1|0.5|  6.3| 12.6| 27.0|  3.8|  8.7| 27.2| 0.4|prestellar  |
320|183014.5-015938|18 30 14.50 -01 59 38.4|3.4e-02|4.3e-02| 0.54|0.31| 9.5|1.3|  9.3|  3.5|  5.6|  4.8|  1.8|  3.6| 1.2|prestellar  |
321|183014.9-013334|18 30 14.93 -01 33 34.9|1.5e-02|2.7e-02| 0.68|0.35|10.5|0.5| 28.7| 11.1| 35.8| 18.2|  9.0| 52.2| 0.4|protostellar|
322|183015.7-015031|18 30 15.75 -01 50 31.4|2.0e-02|3.1e-02| 0.24|0.05|12.0|0.5|  5.8|  3.1|  7.3|  3.5|  2.2|  8.0| 1.6|prestellar  |
323|183016.2-020716|18 30 16.22 -02 07 16.3|1.3e-02|2.5e-02| 0.57|0.29|11.5|4.5| 19.9| 10.8| 39.8| 12.9|  9.5| 66.7| 0.5|protostellar|no SED fit
324|183017.3-015713|18 30 17.31 -01 57 13.6|4.3e-02|4.9e-02| 0.22|0.11|11.5|4.5|  2.7|  1.1|  1.4|  1.3|  0.5|  0.7| 3.8|starless    |no SED fit
325|183017.6-015622|18 30 17.62 -01 56 22.3|1.9e-02|3.0e-02| 0.08|0.04|11.5|4.5|  4.0|  1.0|  2.5|  2.4|  0.7|  2.9| 4.9|starless    |no SED fit
326|183017.6-020959|18 30 17.64 -02 09 59.3|1.6e-02|2.8e-02| 0.74|0.10|11.9|0.3| 17.7| 10.9| 35.4| 11.0|  8.4| 49.2| 0.4|protostellar|
327|183017.8-020117|18 30 17.80 -02 01 17.4|3.1e-02|3.9e-02| 0.10|0.07|12.0|1.8|  1.3|  0.8|  1.2|  0.7|  0.4|  0.8| 6.4|starless    |
328|183017.9-014639|18 30 17.98 -01 46 39.3|3.2e-02|3.9e-02| 1.62|0.38| 8.5|0.4| 30.7| 12.4| 18.9| 16.7|  6.9| 13.0| 0.4|prestellar  |
329|183018.1-020843|18 30 18.12 -02 08 43.3|3.6e-02|4.3e-02| 2.65|1.32|11.5|4.5| 24.8| 16.7| 24.0| 12.8|  8.5| 14.5| 0.3|prestellar  |no SED fit
330|183019.2-013031|18 30 19.25 -01 30 31.4|4.3e-02|5.0e-02| 0.92|0.25| 9.8|0.6| 13.3|  4.4|  5.9|  6.3|  1.9|  3.0| 0.9|prestellar  |
331|183019.6-015153|18 30 19.62 -01 51 53.1|2.3e-02|3.5e-02| 0.05|0.04|18.4|5.0|  3.7|  0.5|  1.1|  2.1|  0.3|  1.1| 8.8|starless    |
332|183020.0-013826|18 30 20.02 -01 38 26.4|4.1e-02|4.8e-02| 1.27|0.44| 9.1|0.7| 17.5|  6.5|  9.0|  8.5|  2.9|  4.8| 0.6|prestellar  |
333|183020.6-020421|18 30 20.63 -02 04 21.9|3.2e-02|4.6e-02| 0.33|0.16|11.5|4.5|  6.2|  1.9|  3.8|  3.1|  0.9|  2.6| 1.9|prestellar  |no SED fit
334|183021.7-014859|18 30 21.75 -01 48 59.8|6.5e-02|6.9e-02| 0.54|0.30|13.2|2.0|  5.0|  1.3|  1.5|  1.9|  0.4|  0.5| 2.4|prestellar  |             tentative bound
335|183023.5-020610|18 30 23.58 -02 06 10.9|2.6e-02|3.5e-02| 0.05|0.02|14.1|1.3|  0.8|  0.5|  0.9|  0.5|  0.3|  0.8| 9.9|starless    |
336|183024.3-015248|18 30 24.36 -01 52 48.7|2.8e-02|3.7e-02| 0.55|0.13|11.0|0.6| 10.7|  4.9|  8.5|  6.0|  2.9|  6.7| 1.0|prestellar  |
337|183025.4-020115|18 30 25.43 -02 01 15.5|1.8e-02|3.0e-02| 0.18|0.09|11.5|4.5|  2.8|  2.4|  6.4|  1.7|  1.8|  7.7| 2.0|prestellar  |no SED fit
338|183025.5-015839|18 30 25.51 -01 58 39.6|2.5e-02|3.6e-02| 0.05|0.04|15.3|3.6|  3.3|  0.5|  0.9|  1.9|  0.3|  0.8|10.1|starless    |
339|183025.5-020427|18 30 25.52 -02 04 27.3|2.8e-02|3.8e-02| 0.68|0.28| 9.3|0.8| 14.6|  5.7| 10.4|  8.1|  3.3|  8.2| 0.8|prestellar  |
340|183025.5-015420|18 30 25.54 -01 54 20.6|2.6e-02|3.5e-02| 1.78|0.17|10.5|0.2| 29.1| 17.7| 32.0| 16.8| 11.2| 27.3| 0.3|prestellar  |
341|183025.9-020709|18 30 25.97 -02 07 09.3|2.3e-02|3.3e-02| 0.19|0.14| 9.8|1.8|  7.2|  2.1|  4.0|  4.3|  1.4|  3.8| 2.5|prestellar  |             tentative bound
342|183026.0-021041|18 30 26.03 -02 10 41.2|1.1e-02|2.3e-02| 0.81|0.10|13.7|0.5| 17.0| 18.2| 73.0| 11.3| 17.4|139.5| 0.3|protostellar|
343|183026.5-020015|18 30 26.56 -02 00 15.7|4.6e-02|5.2e-02| 1.80|0.64| 9.5|0.8| 22.3|  8.1| 10.1| 10.4|  3.4|  4.8| 0.5|prestellar  |
344|183026.8-021427|18 30 26.83 -02 14 27.8|3.1e-02|3.9e-02| 0.04|0.02|17.3|2.1|  0.9|  0.3|  0.5|  0.5|  0.2|  0.3|16.1|starless    |
345|183027.5-020336|18 30 27.51 -02 03 36.6|2.0e-02|3.1e-02| 0.19|0.12|10.7|1.7|  4.7|  2.3|  5.6|  2.9|  1.6|  6.0| 2.1|prestellar  |             tentative bound
346|183027.9-042954|18 30 27.91 -04 29 54.7|3.5e-02|4.5e-02| 0.19|0.09|11.5|4.5|  2.0|  1.1|  1.8|  1.0|  0.6|  1.1| 3.7|prestellar  |no SED fit   tentative bound
347|183027.9-021059|18 30 27.97 -02 10 59.0|1.7e-02|2.9e-02| 0.55|0.27|14.5|4.5| 13.6|  7.8| 21.6|  8.4|  6.0| 27.4| 0.6|protostellar|no SED fit
348|183028.0-014541|18 30 28.01 -01 45 41.4|3.1e-02|4.0e-02| 0.36|0.21| 9.9|1.4|  7.5|  2.7|  4.4|  4.1|  1.5|  3.1| 1.7|prestellar  |
349|183028.9-015603|18 30 28.98 -01 56 03.2|1.4e-02|2.7e-02| 1.60|0.80|11.5|4.5| 22.1| 26.0| 95.2| 14.0| 21.1|147.9| 0.2|protostellar|no SED fit
350|183029.2-020831|18 30 29.24 -02 08 31.6|3.9e-02|4.8e-02| 0.19|0.07|14.4|1.5|  4.8|  1.0|  1.5|  2.4|  0.5|  0.9| 4.0|starless    |
351|183029.2-015650|18 30 29.28 -01 56 50.6|2.9e-02|3.8e-02| 1.09|0.13|11.9|0.4| 27.0|  9.0| 15.0| 14.9|  5.2| 11.2| 0.5|protostellar|
352|183030.6-015316|18 30 30.60 -01 53 16.7|3.0e-02|4.3e-02| 0.45|0.23|11.5|4.5|  5.1|  2.9|  6.0|  2.6|  1.5|  4.4| 1.3|prestellar  |no SED fit
353|183032.5-015439|18 30 32.50 -01 54 39.0|3.2e-02|4.0e-02| 1.58|0.85| 8.0|0.9| 21.9| 12.0| 18.2| 11.9|  6.6| 12.4| 0.4|prestellar  |
354|183032.7-021816|18 30 32.75 -02 18 16.8|9.8e-02|1.0e-01| 0.65|0.33|14.5|4.5|  3.2|  0.8|  0.8|  0.9|  0.2|  0.2| 3.0|starless    |no SED fit
355|183032.9-012851|18 30 32.90 -01 28 51.1|6.4e-02|6.8e-02| 0.48|0.24|11.5|4.5|  2.8|  1.2|  1.4|  1.1|  0.4|  0.5| 2.6|prestellar  |no SED fit   tentative bound
356|183033.3-015918|18 30 33.30 -01 59 18.4|2.6e-02|3.9e-02| 1.03|0.37| 9.6|0.8| 17.5|  7.9| 17.5|  9.5|  4.4| 14.5| 0.5|prestellar  |
357|183035.3-015724|18 30 35.38 -01 57 24.0|4.0e-02|4.9e-02| 1.20|0.55| 9.0|0.9| 17.6|  5.9|  9.1|  8.4|  2.6|  5.0| 0.6|prestellar  |
358|183035.7-020518|18 30 35.74 -02 05 18.4|5.5e-02|6.0e-02| 1.87|0.89| 9.3|1.0| 12.7|  6.2|  7.4|  5.4|  2.2|  3.0| 0.6|prestellar  |
359|183036.2-021708|18 30 36.22 -02 17 08.1|2.6e-02|3.5e-02| 0.10|0.03|13.9|0.9|  1.7|  1.0|  1.8|  1.0|  0.6|  1.5| 5.1|starless    |
360|183036.2-011742|18 30 36.23 -01 17 42.8|5.5e-02|6.1e-02| 0.31|0.16|11.5|4.5|  2.4|  1.0|  1.2|  1.0|  0.4|  0.5| 3.5|starless    |no SED fit
361|183036.9-021141|18 30 36.96 -02 11 41.2|2.4e-02|3.6e-02| 0.58|0.13|10.6|0.6| 12.2|  5.3| 12.4|  6.9|  3.2| 11.5| 0.8|prestellar  |
362|183037.5-020856|18 30 37.53 -02 08 56.3|5.5e-02|6.0e-02| 0.36|0.05|15.5|0.6|  4.6|  1.2|  1.4|  2.0|  0.4|  0.5| 3.1|protostellar|
363|183037.8-022234|18 30 37.83 -02 22 34.0|1.4e-01|1.4e-01| 2.43|0.54|12.8|0.7|  3.4|  1.4|  1.5|  0.7|  0.2|  0.2| 1.1|prestellar  |
364|183037.9-015237|18 30 37.90 -01 52 37.5|3.5e-02|4.3e-02| 1.97|0.52| 8.9|0.6| 29.2| 12.5| 18.6| 15.2|  6.4| 11.5| 0.4|prestellar  |
365|183037.9-021012|18 30 37.96 -02 10 12.5|2.3e-02|3.3e-02| 0.03|0.01|14.5|4.5|  1.0|  0.3|  0.7|  0.6|  0.2|  0.7|15.4|starless    |no SED fit
366|183038.6-042955|18 30 38.63 -04 29 55.7|2.5e-02|3.8e-02| 0.65|0.17| 9.6|0.5| 11.0|  5.4| 12.6|  6.1|  3.1| 11.2| 0.8|prestellar  |
367|183038.8-015550|18 30 38.80 -01 55 50.3|1.9e-02|3.0e-02| 0.05|0.04|14.8|4.6|  2.7|  0.7|  1.6|  1.7|  0.5|  1.9| 7.5|starless    |
368|183040.6-015126|18 30 40.66 -01 51 26.0|2.2e-02|3.4e-02| 0.24|0.12|11.5|4.5|  3.0|  2.4|  5.6|  1.8|  1.6|  5.5| 1.9|prestellar  |no SED fit
369|183040.8-023124|18 30 40.85 -02 31 24.8|4.5e-02|5.0e-02| 0.06|0.03|14.5|4.5|  1.4|  0.3|  0.4|  0.7|  0.1|  0.2|14.0|starless    |no SED fit
370|183041.7-041557|18 30 41.76 -04 15 57.6|6.3e-02|6.8e-02| 0.37|0.18|12.2|1.5|  3.6|  1.0|  1.1|  1.4|  0.3|  0.4| 3.4|starless    |
371|183041.8-015840|18 30 41.85 -01 58 40.6|4.1e-02|4.7e-02| 0.29|0.15|11.5|4.5|  4.0|  1.6|  2.1|  2.0|  0.7|  1.1| 2.8|prestellar  |no SED fit   tentative bound
372|183041.9-015306|18 30 41.94 -01 53 06.3|5.2e-02|5.9e-02| 1.96|0.83| 9.3|0.9| 18.6|  6.6|  8.5|  7.9|  2.4|  3.5| 0.5|prestellar  |
373|183042.2-023009|18 30 42.25 -02 30 09.2|2.5e-02|3.5e-02| 0.27|0.15| 9.4|1.1|  4.8|  2.6|  5.1|  2.8|  1.7|  4.5| 1.8|prestellar  |
374|183042.4-021256|18 30 42.40 -02 12 56.8|2.3e-02|3.5e-02| 0.14|0.06|12.2|1.2|  3.9|  1.4|  3.2|  2.2|  0.9|  3.1| 3.2|prestellar  |             tentative bound
375|183042.4-011724|18 30 42.49 -01 17 24.7|5.3e-02|5.8e-02| 0.51|0.22|11.5|1.3|  3.7|  1.8|  2.2|  1.6|  0.7|  0.9| 2.0|prestellar  |             tentative bound
376|183042.5-015625|18 30 42.52 -01 56 25.7|1.6e-02|2.8e-02| 0.19|0.17|10.4|2.1|  3.5|  2.9|  9.2|  2.2|  2.3| 12.9| 1.6|prestellar  |
377|183042.7-013514|18 30 42.77 -01 35 14.9|5.2e-02|5.7e-02| 0.64|0.21|10.9|0.9|  7.7|  2.4|  2.8|  3.4|  0.9|  1.2| 1.6|prestellar  |
378|183044.3-015719|18 30 44.30 -01 57 19.9|5.2e-02|5.6e-02| 0.56|0.28|11.5|4.5|  6.2|  2.1|  2.5|  2.7|  0.8|  1.1| 1.8|prestellar  |no SED fit
379|183045.2-023018|18 30 45.20 -02 30 18.1|3.0e-02|3.8e-02| 0.09|0.04|14.5|4.5|  2.0|  0.7|  1.1|  1.1|  0.4|  0.8| 7.0|starless    |no SED fit
380|183045.6-012137|18 30 45.66 -01 21 37.6|3.1e-02|3.9e-02| 0.13|0.06|11.5|4.5|  1.3|  1.0|  1.5|  0.7|  0.6|  1.1| 4.9|starless    |no SED fit
381|183045.7-022622|18 30 45.73 -02 26 22.7|3.0e-02|3.9e-02| 1.02|0.47| 8.1|0.7| 14.0|  7.8| 13.2|  7.6|  4.4|  9.5| 0.6|prestellar  |
382|183046.1-012030|18 30 46.12 -01 20 30.0|6.2e-02|6.7e-02| 0.77|0.14|11.5|0.4|  5.8|  2.1|  2.4|  2.3|  0.7|  0.8| 1.6|prestellar  |
383|183046.8-022758|18 30 46.80 -02 27 58.5|2.8e-02|3.8e-02| 0.15|0.07|11.5|4.5|  2.1|  1.2|  2.3|  1.1|  0.7|  1.8| 3.8|prestellar  |no SED fit   tentative bound
384|183047.1-022545|18 30 47.10 -02 25 45.3|2.6e-02|3.5e-02| 0.61|0.34| 8.7|1.0|  8.4|  5.8| 11.0|  4.8|  3.6|  9.4| 0.8|prestellar  |
385|183047.3-015654|18 30 47.32 -01 56 54.0|1.9e-02|3.0e-02| 0.46|0.23|11.5|4.5|  7.6|  6.2| 15.4|  4.7|  4.6| 18.0| 0.8|protostellar|no SED fit
386|183048.4-014159|18 30 48.40 -01 41 59.4|2.4e-02|3.3e-02| 0.49|0.22| 8.9|0.8| 13.7|  5.3| 10.4|  8.1|  3.6|  9.7| 1.0|prestellar  |
387|183049.1-011538|18 30 49.15 -01 15 38.2|2.7e-02|3.5e-02| 0.12|0.12|11.3|3.1|  2.7|  1.2|  2.0|  1.5|  0.7|  1.7| 4.3|starless    |
388|183049.5-015603|18 30 49.58 -01 56 03.6|2.9e-02|3.7e-02| 1.16|0.10|12.2|0.3| 25.2| 10.0| 16.1| 14.1|  5.9| 12.1| 0.5|protostellar|
389|183050.3-015400|18 30 50.37 -01 54 00.0|3.6e-02|4.3e-02| 1.02|0.62| 8.2|1.0| 22.3|  6.7|  9.4| 11.7|  3.4|  5.8| 0.7|prestellar  |
390|183050.7-025025|18 30 50.76 -02 50 25.7|2.2e-02|3.4e-02| 0.07|0.04|11.5|4.5|  0.9|  0.8|  1.8|  0.5|  0.5|  1.7| 5.9|starless    |no SED fit
391|183050.8-014524|18 30 50.89 -01 45 24.3|2.0e-02|3.1e-02| 0.31|0.16|11.5|4.5| 24.6|  3.9|  9.0| 14.9|  2.7|  9.8| 1.3|prestellar  |no SED fit
392|183051.1-014219|18 30 51.19 -01 42 19.3|3.9e-02|4.6e-02| 0.38|0.19|11.5|4.5|  3.4|  2.1|  3.0|  1.7|  1.0|  1.7| 2.0|prestellar  |no SED fit   tentative bound
393|183051.2-022808|18 30 51.23 -02 28 08.9|3.0e-02|3.9e-02| 0.08|0.04|14.5|4.5|  2.0|  0.7|  1.1|  1.1|  0.4|  0.8| 7.0|starless    |no SED fit
394|183051.4-011954|18 30 51.48 -01 19 54.8|5.1e-02|5.6e-02| 0.43|0.15|11.8|1.0|  3.4|  1.6|  2.0|  1.5|  0.6|  0.8| 2.4|prestellar  |             tentative bound
395|183053.4-014202|18 30 53.40 -01 42 02.4|2.9e-02|3.8e-02| 0.34|0.16|10.1|1.1|  6.4|  2.9|  4.9|  3.6|  1.7|  3.7| 1.7|prestellar  |
396|183053.4-015014|18 30 53.43 -01 50 14.2|3.6e-02|4.3e-02| 0.16|0.09|13.4|2.2|  3.8|  1.0|  1.4|  2.0|  0.5|  0.9| 4.5|starless    |
397|183053.4-015535|18 30 53.44 -01 55 35.4|2.7e-02|3.7e-02| 2.09|0.86| 7.8|0.6|  7.7| 17.9| 33.3|  4.3| 10.5| 26.7| 0.3|prestellar  |
398|183054.0-014921|18 30 54.04 -01 49 21.0|2.4e-02|3.6e-02| 0.16|0.07|11.5|1.1|  2.7|  1.5|  3.4|  1.5|  0.9|  3.1| 2.9|prestellar  |             tentative bound
399|183054.7-014534|18 30 54.72 -01 45 34.3|7.7e-02|8.0e-02| 1.27|0.34|13.0|1.1|  6.7|  2.3|  2.6|  2.3|  0.6|  0.7| 1.2|prestellar  |
400|183054.7-011502|18 30 54.75 -01 15 02.0|2.0e-02|3.1e-02| 0.09|0.10|11.4|3.3|  2.6|  1.1|  2.5|  1.5|  0.7|  2.7| 4.6|starless    |
401|183054.9-014831|18 30 54.96 -01 48 31.6|1.9e-02|2.9e-02| 0.09|0.05|11.5|4.5|  1.3|  1.2|  3.1|  0.8|  0.9|  3.7| 4.0|prestellar  |no SED fit   tentative bound
402|183054.9-020803|18 30 54.99 -02 08 03.7|1.8e-02|3.0e-02| 0.09|0.03|16.5|1.6|  2.2|  1.2|  3.3|  1.3|  0.9|  4.0| 3.9|prestellar  |             tentative bound
403|183055.5-015425|18 30 55.55 -01 54 25.9|4.2e-02|4.8e-02| 0.69|0.35|11.5|4.5|  7.0|  3.5|  4.6|  3.4|  1.6|  2.4| 1.2|prestellar  |no SED fit
404|183055.6-020830|18 30 55.69 -02 08 30.4|2.6e-02|3.5e-02| 0.27|0.08|15.1|1.1|  3.7|  2.6|  4.7|  2.1|  1.6|  3.9| 1.9|prestellar  |
405|183056.4-021120|18 30 56.41 -02 11 20.9|2.2e-02|3.3e-02| 0.19|0.15|10.5|1.6|  5.7|  2.1|  4.9|  3.4|  1.4|  5.0| 2.2|prestellar  |             tentative bound
406|183057.4-014048|18 30 57.44 -01 40 48.0|5.0e-02|5.5e-02| 0.29|0.14|11.5|4.5|  2.4|  1.1|  1.4|  1.1|  0.4|  0.6| 3.4|prestellar  |no SED fit   tentative bound
407|183057.7-020843|18 30 57.79 -02 08 43.6|1.2e-02|2.4e-02| 0.25|0.07|12.4|1.0|  4.8|  5.0| 22.2|  3.2|  4.5| 42.1| 0.9|prestellar  |
408|183058.4-020554|18 30 58.48 -02 05 54.1|3.1e-02|3.9e-02| 0.12|0.06|15.1|1.8|  2.4|  1.0|  1.5|  1.3|  0.5|  1.0| 5.0|starless    |
409|183058.5-022648|18 30 58.51 -02 26 48.5|6.1e-02|6.5e-02| 1.28|0.37|10.7|0.8|  8.9|  3.6|  4.1|  3.6|  1.2|  1.5| 0.9|prestellar  |
410|183059.9-021957|18 30 59.93 -02 19 57.8|8.1e-02|8.4e-02| 0.33|0.09|17.1|1.9|  1.8|  0.6|  0.6|  0.6|  0.1|  0.2| 4.8|starless    |
411|183100.2-020152|18 31 00.25 -02 01 52.1|1.7e-02|2.9e-02| 0.03|0.01|22.4|2.0|  1.3|  0.4|  1.3|  0.8|  0.3|  1.6|11.0|protostellar|
412|183100.2-015959|18 31 00.28 -01 59 59.6|2.1e-02|3.1e-02| 0.10|0.02|21.7|1.3|  2.4|  1.2|  2.9|  1.4|  0.9|  3.1| 3.9|protostellar|
413|183100.2-011845|18 31 00.29 -01 18 45.3|2.4e-02|3.6e-02| 0.16|0.13|10.1|1.9|  4.6|  1.4|  3.2|  2.6|  0.9|  2.9| 3.1|prestellar  |             tentative bound
414|183100.6-022713|18 31 00.60 -02 27 13.8|5.0e-02|5.5e-02| 0.45|0.22|11.5|4.5|  4.3|  1.8|  2.2|  1.9|  0.7|  1.0| 2.2|prestellar  |no SED fit   tentative bound
415|183102.1-011555|18 31 02.14 -01 15 55.4|4.5e-02|5.2e-02| 0.62|0.10|12.1|0.5|  7.3|  2.8|  3.6|  3.4|  1.2|  1.8| 1.4|prestellar  |
416|183102.6-021016|18 31 02.66 -02 10 16.4|2.0e-02|3.1e-02| 1.23|0.14|11.8|0.3| 22.3| 15.4| 38.0| 13.5| 11.0| 42.6| 0.3|prestellar  |
417|183102.9-021605|18 31 02.98 -02 16 05.7|2.3e-02|3.3e-02| 0.14|0.07|14.5|4.5|  3.2|  1.5|  3.2|  1.9|  1.0|  3.0| 3.2|prestellar  |no SED fit   tentative bound
418|183103.2-021354|18 31 03.29 -02 13 54.9|2.4e-02|3.5e-02| 0.32|0.12|11.5|1.1|  5.3|  3.0|  6.7|  3.0|  1.9|  6.2| 1.5|prestellar  |
419|183103.6-020641|18 31 03.61 -02 06 41.6|3.7e-02|4.4e-02| 0.05|0.04|15.5|3.5|  2.2|  0.3|  0.5|  1.1|  0.2|  0.3|13.7|starless    |
420|183103.7-020944|18 31 03.79 -02 09 44.4|2.0e-02|3.2e-02| 4.93|0.30|11.3|0.2| 83.8| 58.6|149.8| 50.2| 40.6|166.1| 0.1|prestellar  |
421|183104.4-015227|18 31 04.42 -01 52 27.8|2.6e-02|3.9e-02| 0.34|0.17|11.5|4.5|  4.2|  2.7|  6.0|  2.3|  1.5|  5.0| 1.5|prestellar  |no SED fit
422|183104.7-021243|18 31 04.75 -02 12 43.6|2.0e-02|3.1e-02| 0.12|0.05|13.3|1.4|  3.2|  1.5|  3.7|  1.9|  1.0|  4.0| 3.2|prestellar  |             tentative bound
423|183105.3-011450|18 31 05.30 -01 14 50.4|1.5e-02|2.8e-02| 0.04|0.02|11.5|4.5|  0.6|  0.6|  2.2|  0.4|  0.5|  3.2| 7.3|starless    |no SED fit
424|183106.0-020755|18 31 06.01 -02 07 55.1|1.9e-02|3.1e-02| 0.05|0.02|22.1|2.8|  1.9|  0.7|  1.7|  1.2|  0.5|  2.0| 7.0|starless    |
425|183106.4-021704|18 31 06.48 -02 17 04.9|4.7e-02|5.3e-02| 2.55|0.62| 9.1|0.5| 23.9| 10.6| 13.7| 10.9|  4.3|  6.4| 0.4|prestellar  |
426|183106.5-021119|18 31 06.54 -02 11 19.8|4.1e-02|4.8e-02| 0.38|0.10|13.9|1.1|  7.2|  2.0|  2.7|  3.5|  0.9|  1.4| 2.1|prestellar  |             tentative bound
427|183107.9-023109|18 31 07.93 -02 31 09.8|3.0e-02|3.9e-02| 0.11|0.06|12.5|2.3|  2.7|  0.8|  1.4|  1.5|  0.5|  1.0| 5.6|starless    |
428|183109.2-022626|18 31 09.28 -02 26 26.3|3.3e-02|4.2e-02| 0.61|0.32| 9.4|1.1|  9.3|  4.2|  6.5|  4.9|  2.2|  4.3| 1.1|prestellar  |
429|183109.6-021410|18 31 09.63 -02 14 10.1|2.0e-02|3.1e-02| 0.04|0.02|15.2|2.1|  1.5|  0.4|  1.0|  0.9|  0.3|  1.1|11.2|starless    |
430|183109.7-015221|18 31 09.76 -01 52 21.1|4.3e-02|5.0e-02| 3.55|1.54| 7.2|0.5| 39.0| 16.9| 22.3| 18.6|  7.4| 11.3| 0.2|prestellar  |
431|183109.7-020622|18 31 09.79 -02 06 22.3|1.4e-02|2.6e-02| 2.88|0.57|13.7|1.0| 63.5| 49.3|166.1| 40.6| 41.0|253.9| 0.1|protostellar|
432|183109.9-021830|18 31 09.99 -02 18 30.7|7.0e-02|7.4e-02| 1.33|0.28|11.4|0.7|  7.9|  2.9|  3.2|  2.9|  0.9|  1.0| 1.0|prestellar  |
433|183110.2-020438|18 31 10.24 -02 04 38.5|1.9e-02|3.1e-02|11.46|1.95|10.3|0.6|182.3|140.3|386.9|109.8| 98.7|452.0| 0.0|prestellar  |
434|183110.5-020347|18 31 10.55 -02 03 47.8|1.9e-02|3.1e-02| 4.60|2.30|14.5|4.5|100.0| 57.4|145.6| 60.5| 40.8|164.8| 0.1|prestellar  |no SED fit
435|183110.8-020542|18 31 10.85 -02 05 42.8|1.9e-02|3.0e-02| 3.04|1.52|14.5|4.5| 79.5| 39.1|103.1| 48.4| 28.2|120.8| 0.1|prestellar  |no SED fit
436|183110.9-021011|18 31 10.90 -02 10 11.9|2.1e-02|3.2e-02| 0.15|0.06|13.9|1.4|  4.3|  1.8|  4.1|  2.6|  1.2|  4.3| 2.7|prestellar  |             tentative bound
437|183111.3-021631|18 31 11.31 -02 16 31.2|2.0e-02|3.1e-02| 0.05|0.03|14.5|4.5|  1.7|  0.6|  1.5|  1.0|  0.5|  1.6| 7.8|starless    |no SED fit
438|183111.5-021520|18 31 11.54 -02 15 20.7|2.1e-02|3.2e-02| 0.17|0.06|11.5|0.9|  3.6|  2.0|  4.7|  2.2|  1.4|  4.9| 2.4|prestellar  |             tentative bound
439|183112.4-020237|18 31 12.42 -02 02 37.4|1.7e-02|2.8e-02| 0.38|0.08|16.4|0.9|  7.6|  5.5| 15.3|  4.7|  4.3| 19.6| 0.9|prestellar  |
440|183112.5-021938|18 31 12.52 -02 19 38.9|5.3e-02|6.0e-02| 0.58|0.11|14.3|0.8|  5.7|  1.9|  2.4|  2.4|  0.7|  1.0| 1.8|prestellar  |
441|183113.2-020207|18 31 13.26 -02 02 07.9|2.2e-02|3.3e-02| 0.26|0.11|16.6|4.4|  4.9|  2.8|  6.0|  2.9|  1.9|  5.9| 1.7|prestellar  |
442|183114.0-020936|18 31 14.08 -02 09 36.0|2.7e-02|3.6e-02| 0.66|0.28|10.7|1.0| 12.9|  6.1| 10.4|  7.3|  3.7|  8.3| 0.8|prestellar  |
443|183114.1-021605|18 31 14.18 -02 16 05.3|1.1e-02|2.4e-02| 0.02|0.01|16.4|2.0|  0.7|  0.5|  1.9|  0.5|  0.4|  3.7|10.5|starless    |
444|183114.3-020721|18 31 14.37 -02 07 21.2|1.2e-02|2.5e-02| 0.40|0.10|20.0|1.4| 30.8|  7.4| 34.4| 19.9|  6.4| 64.6| 0.6|prestellar  |
445|183114.9-022312|18 31 14.94 -02 23 12.9|3.3e-02|4.1e-02| 0.54|0.17| 9.9|0.7| 10.3|  3.9|  5.8|  5.5|  2.1|  3.8| 1.2|prestellar  |
446|183116.6-020151|18 31 16.66 -02 01 51.7|2.1e-02|3.2e-02| 0.03|0.02|27.7|1.0|  0.5|  0.3|  0.7|  0.3|  0.2|  0.8|15.2|starless    |
447|183116.7-020709|18 31 16.77 -02 07 09.4|2.0e-02|3.1e-02| 4.41|2.20|14.5|4.5| 73.0| 53.6|128.6| 43.9| 37.6|139.8| 0.1|prestellar  |no SED fit
448|183117.4-020051|18 31 17.43 -02 00 51.9|2.2e-02|3.4e-02| 0.03|0.01|20.2|3.0|  0.6|  0.3|  0.7|  0.4|  0.2|  0.7|15.4|starless    |
449|183117.6-023012|18 31 17.66 -02 30 12.5|3.5e-02|4.3e-02| 0.13|0.06|14.0|1.8|  2.0|  0.8|  1.2|  1.1|  0.4|  0.8| 5.5|starless    |
450|183118.4-021808|18 31 18.49 -02 18 08.6|1.2e-02|2.5e-02| 0.04|0.02|14.3|1.7|  1.0|  0.8|  3.1|  0.6|  0.7|  5.7| 6.2|starless    |
451|183118.5-021459|18 31 18.57 -02 14 59.4|1.4e-02|2.6e-02| 0.37|0.07|12.1|0.5|  8.7|  6.6| 22.2|  5.6|  5.6| 34.5| 0.8|prestellar  |
452|183118.6-011809|18 31 18.62 -01 18 09.3|5.2e-02|5.7e-02| 0.22|0.10|12.1|1.7|  3.3|  0.8|  1.0|  1.5|  0.3|  0.4| 4.7|starless    |
453|183119.5-020932|18 31 19.56 -02 09 32.9|1.6e-02|2.8e-02| 0.10|0.03|21.5|1.7|  1.8|  1.6|  4.7|  1.1|  1.3|  6.3| 3.1|prestellar  |             tentative bound
454|183119.6-015803|18 31 19.66 -01 58 03.0|2.0e-02|3.3e-02| 0.05|0.02|17.9|2.4|  2.1|  0.5|  1.4|  1.2|  0.4|  1.5| 8.2|starless    |
455|183120.2-021122|18 31 20.23 -02 11 22.8|5.7e-02|6.3e-02| 0.33|0.02|32.1|0.4|  3.2|  1.0|  1.2|  1.3|  0.3|  0.4| 3.5|starless    |
456|183120.7-020014|18 31 20.75 -02 00 14.5|1.6e-02|2.9e-02| 0.28|0.04|15.5|0.6|  6.9|  4.0| 12.8|  4.3|  3.1| 17.6| 1.1|prestellar  |
457|183120.7-023350|18 31 20.76 -02 33 50.0|1.8e-02|3.0e-02| 0.06|0.03|12.7|1.5|  0.7|  0.8|  2.0|  0.5|  0.6|  2.5| 6.3|starless    |
458|183120.8-015923|18 31 20.85 -01 59 23.6|2.3e-02|3.3e-02| 0.41|0.10|12.5|0.6|  7.1|  4.5|  9.4|  4.2|  3.0|  9.1| 1.1|prestellar  |
459|183121.1-020619|18 31 21.16 -02 06 19.2|2.0e-02|3.1e-02| 2.96|0.46|18.6|3.6| 41.8| 36.3| 86.5| 25.2| 25.6| 94.0| 0.1|protostellar|
460|183122.1-015836|18 31 22.10 -01 58 36.9|2.4e-02|3.3e-02| 0.45|0.18|11.4|1.1| 12.3|  4.9|  9.7|  7.2|  3.2|  9.1| 1.0|prestellar  |
461|183122.6-020137|18 31 22.61 -02 01 37.4|3.0e-02|3.8e-02| 0.14|0.05|15.0|1.2|  2.7|  1.1|  1.8|  1.5|  0.6|  1.3| 4.4|starless    |
462|183122.9-021718|18 31 22.93 -02 17 18.1|4.0e-02|4.7e-02| 0.75|0.63|11.1|2.5| 11.0|  4.1|  5.7|  5.5|  1.9|  3.1| 1.0|prestellar  |
463|183123.3-020845|18 31 23.38 -02 08 45.8|1.8e-02|3.1e-02| 0.18|0.04|20.6|1.3|  4.1|  2.3|  6.3|  2.5|  1.6|  7.5| 2.0|prestellar  |             tentative bound
464|183123.4-021436|18 31 23.42 -02 14 36.9|3.3e-02|4.1e-02| 0.42|0.10|15.3|1.1|  3.5|  3.0|  4.4|  1.9|  1.6|  2.9| 1.6|prestellar  |
465|183123.4-021629|18 31 23.46 -02 16 29.6|1.7e-02|2.8e-02| 0.10|0.03|13.8|0.9|  3.3|  1.5|  4.2|  2.0|  1.2|  5.3| 3.3|prestellar  |             tentative bound
466|183123.7-015619|18 31 23.72 -01 56 19.9|3.5e-02|4.5e-02| 1.44|0.39|11.4|0.5| 23.6|  8.5| 14.1| 12.0|  4.1|  8.9| 0.5|prestellar  |
467|183124.2-020754|18 31 24.21 -02 07 54.8|1.3e-02|2.5e-02| 0.03|0.01|25.3|4.0|  0.8|  0.5|  1.9|  0.5|  0.4|  3.2| 9.7|starless    |
468|183124.5-015747|18 31 24.56 -01 57 47.4|2.1e-02|3.4e-02| 0.36|0.04|16.5|0.6|  9.0|  3.7|  9.6|  5.2|  2.4| 10.0| 1.2|prestellar  |
469|183125.1-021415|18 31 25.11 -02 14 15.5|1.8e-02|3.0e-02| 0.20|0.05|14.4|0.9|  3.3|  2.7|  7.1|  2.0|  2.0|  8.7| 1.8|prestellar  |
470|183125.9-021703|18 31 25.95 -02 17 03.3|2.5e-02|3.4e-02| 0.13|0.08|12.6|1.4|  4.7|  1.3|  2.4|  2.8|  0.9|  2.1| 3.8|prestellar  |             tentative bound
471|183127.2-043437|18 31 27.24 -04 34 37.7|1.0e-01|1.0e-01| 1.67|0.93|10.4|1.4|  4.6|  1.9|  2.0|  1.3|  0.4|  0.4| 1.2|prestellar  |
472|183127.9-015914|18 31 27.92 -01 59 14.6|3.1e-02|3.9e-02| 0.04|0.03|16.2|3.8|  1.1|  0.3|  0.5|  0.6|  0.2|  0.3|15.9|starless    |
473|183127.9-021600|18 31 27.92 -02 16 00.1|1.9e-02|3.1e-02| 0.66|0.33|14.5|4.5| 36.9|  8.1| 22.3| 22.3|  5.7| 26.2| 0.6|prestellar  |no SED fit
474|183128.1-043323|18 31 28.14 -04 33 23.8|3.3e-02|4.1e-02| 0.31|0.15|10.3|1.1|  5.4|  2.2|  3.3|  2.9|  1.2|  2.2| 2.1|prestellar  |             tentative bound
475|183128.3-045606|18 31 28.37 -04 56 06.0|2.6e-02|3.9e-02| 0.10|0.05|11.5|4.5|  1.2|  0.8|  1.7|  0.7|  0.4|  1.5| 5.2|starless    |no SED fit
476|183128.8-021325|18 31 28.82 -02 13 25.7|1.8e-02|3.0e-02| 0.23|0.05|14.7|0.8|  4.2|  3.1|  8.4|  2.6|  2.2| 10.1| 1.5|prestellar  |
477|183129.6-011940|18 31 29.68 -01 19 40.4|4.2e-02|4.8e-02| 0.61|0.13|10.8|0.5|  8.4|  3.2|  4.2|  4.1|  1.5|  2.2| 1.3|prestellar  |
478|183129.6-021519|18 31 29.68 -02 15 19.2|1.9e-02|3.0e-02| 1.11|0.27|11.2|0.6| 27.6| 14.3| 37.0| 16.8| 10.4| 43.1| 0.3|prestellar  |
479|183129.7-015611|18 31 29.70 -01 56 11.2|5.1e-02|5.6e-02| 0.42|0.08|16.5|0.9|  5.8|  1.6|  2.0|  2.6|  0.6|  0.8| 2.4|prestellar  |             tentative bound
480|183129.9-023022|18 31 29.99 -02 30 22.5|2.2e-02|3.5e-02| 0.05|0.03|14.5|4.5|  1.5|  0.5|  1.2|  0.9|  0.3|  1.3| 8.6|starless    |no SED fit
481|183130.3-021350|18 31 30.32 -02 13 50.5|4.0e-02|4.9e-02| 0.53|0.14|15.8|1.2|  5.8|  2.6|  3.9|  2.8|  1.2|  2.1| 1.5|prestellar  |
482|183130.7-020537|18 31 30.76 -02 05 37.1|1.7e-02|2.9e-02| 0.19|0.09|13.6|3.2|  3.4|  2.6|  7.6|  2.1|  2.0|  9.6| 1.8|prestellar  |
483|183130.9-014806|18 31 30.92 -01 48 06.1|1.8e-02|3.1e-02| 0.16|0.08|11.5|4.5|  1.9|  2.0|  5.5|  1.1|  1.4|  6.5| 2.3|prestellar  |no SED fit   tentative bound
484|183131.2-021628|18 31 31.28 -02 16 28.0|2.4e-02|3.3e-02| 0.67|0.16|11.6|0.6| 12.2|  7.3| 14.4|  7.2|  4.9| 13.4| 0.7|prestellar  |
485|183131.3-020827|18 31 31.34 -02 08 27.6|1.5e-02|2.6e-02| 0.04|0.01|29.2|2.2|  1.2|  0.8|  2.4|  0.7|  0.6|  3.5| 6.6|starless    |
486|183132.3-020859|18 31 32.34 -02 08 59.0|2.0e-02|3.3e-02| 0.05|0.01|23.7|2.2|  1.5|  0.6|  1.6|  0.9|  0.4|  1.7| 7.3|protostellar|
487|183133.6-020410|18 31 33.67 -02 04 10.8|1.8e-02|2.9e-02| 0.65|0.05|19.7|0.6| 13.8|  9.3| 24.0|  8.5|  7.1| 29.2| 0.5|prestellar  |
488|183134.1-015937|18 31 34.12 -01 59 37.0|2.9e-02|3.8e-02| 0.07|0.10|13.9|4.5|  1.7|  0.6|  1.0|  0.9|  0.4|  0.8| 7.8|starless    |
489|183134.2-022500|18 31 34.29 -02 25 00.9|2.4e-02|3.6e-02| 0.09|0.05|14.5|4.5|  2.3|  0.8|  2.0|  1.3|  0.5|  1.8| 5.0|starless    |no SED fit
490|183134.6-021533|18 31 34.65 -02 15 33.9|1.9e-02|3.1e-02| 0.61|0.13|11.5|0.6| 13.5|  7.5| 20.3|  8.2|  5.3| 23.7| 0.6|prestellar  |
491|183135.8-020349|18 31 35.89 -02 03 49.8|1.5e-02|2.6e-02| 0.90|0.06|18.4|0.9| 14.3| 15.8| 50.6|  9.1| 13.3| 76.5| 0.3|prestellar  |
492|183136.4-022925|18 31 36.42 -02 29 25.4|2.5e-02|3.5e-02| 0.07|0.04|14.5|4.5|  1.8|  0.7|  1.4|  1.0|  0.4|  1.2| 6.9|starless    |no SED fit
493|183136.9-044830|18 31 36.97 -04 48 30.0|1.9e-02|3.0e-02| 0.07|0.04|12.4|1.1|  1.2|  1.0|  2.5|  0.7|  0.7|  2.8| 5.1|starless    |
494|183137.4-021518|18 31 37.43 -02 15 18.8|2.4e-02|3.7e-02| 2.43|0.24|12.2|0.3| 32.7| 21.4| 51.0| 18.4| 12.8| 47.0| 0.2|prestellar  |
495|183137.7-043312|18 31 37.78 -04 33 12.1|3.6e-02|4.9e-02| 0.42|0.14|12.5|1.1|  4.3|  2.1|  3.8|  2.1|  0.9|  2.3| 1.7|prestellar  |
496|183137.9-021821|18 31 37.94 -02 18 21.5|1.1e-02|2.4e-02| 0.46|0.13|10.7|0.6|  6.9|  9.8| 41.7|  4.5|  9.0| 79.7| 0.5|prestellar  |
497|183137.9-043425|18 31 37.97 -04 34 25.5|3.2e-02|4.0e-02| 0.34|0.18|10.2|1.2|  5.1|  2.5|  3.9|  2.8|  1.4|  2.7| 1.9|prestellar  |
498|183138.3-014627|18 31 38.34 -01 46 27.0|4.5e-02|5.1e-02| 0.40|0.20|11.5|4.5|  3.0|  1.8|  2.3|  1.4|  0.8|  1.1| 2.2|prestellar  |no SED fit   tentative bound
499|183138.3-021303|18 31 38.37 -02 13 03.1|2.2e-02|3.4e-02| 0.13|0.02|26.8|1.3|  2.8|  1.4|  3.1|  1.6|  0.9|  3.0| 3.4|protostellar|
500|183138.5-023255|18 31 38.56 -02 32 55.9|5.3e-02|5.9e-02| 0.13|0.07|14.5|4.5|  1.8|  0.4|  0.6|  0.8|  0.2|  0.2| 8.0|starless    |no SED fit
501|183138.5-022314|18 31 38.59 -02 23 14.2|2.8e-02|3.9e-02| 0.50|0.11|11.8|0.8|  8.5|  3.9|  7.7|  4.6|  2.1|  6.0| 1.1|prestellar  |
502|183139.2-014804|18 31 39.21 -01 48 04.9|5.4e-02|5.9e-02| 0.37|0.18|11.5|4.5|  2.5|  1.2|  1.5|  1.1|  0.5|  0.6| 2.9|prestellar  |no SED fit   tentative bound
503|183139.2-020331|18 31 39.29 -02 03 31.2|1.7e-02|2.9e-02| 1.55|0.14|18.7|0.4| 28.7| 22.1| 61.7| 17.8| 16.8| 78.3| 0.2|prestellar  |
504|183139.4-021655|18 31 39.40 -02 16 55.0|1.9e-02|3.0e-02| 1.95|0.26|12.2|0.5| 38.6| 26.1| 65.0| 23.7| 19.3| 75.6| 0.2|protostellar|
505|183139.5-022944|18 31 39.54 -02 29 44.7|3.3e-02|4.1e-02| 0.41|0.17| 9.8|1.0|  6.6|  2.9|  4.4|  3.5|  1.5|  2.9| 1.6|prestellar  |
506|183139.7-044939|18 31 39.74 -04 49 39.9|2.1e-02|3.2e-02| 0.16|0.04|11.8|0.6|  2.7|  1.8|  4.2|  1.6|  1.2|  4.3| 2.6|prestellar  |             tentative bound
507|183140.1-014843|18 31 40.12 -01 48 43.8|2.0e-02|3.0e-02| 0.22|0.11|11.5|4.5|  2.6|  2.8|  6.8|  1.5|  2.0|  7.7| 1.8|prestellar  |no SED fit
508|183140.8-014427|18 31 40.88 -01 44 27.9|4.3e-02|5.1e-02| 0.41|0.21|11.5|4.5|  2.6|  1.9|  2.6|  1.2|  0.8|  1.3| 2.1|prestellar  |no SED fit   tentative bound
509|183140.9-020610|18 31 40.99 -02 06 10.2|1.9e-02|3.0e-02| 0.06|0.03|25.7|2.2|  1.8|  0.8|  2.1|  1.1|  0.6|  2.4| 5.9|starless    |
510|183141.1-022323|18 31 41.12 -02 23 23.7|2.8e-02|3.7e-02| 0.14|0.04|18.5|1.7|  2.1|  1.2|  2.1|  1.2|  0.7|  1.6| 4.0|prestellar  |             tentative bound
511|183143.3-022317|18 31 43.33 -02 23 17.2|2.2e-02|3.2e-02| 0.08|0.04|13.7|1.6|  2.3|  0.9|  2.0|  1.4|  0.6|  2.0| 5.5|starless    |
512|183143.8-020440|18 31 43.82 -02 04 40.6|1.7e-02|2.8e-02| 4.17|0.69|11.4|0.6| 65.3| 62.2|179.2| 40.8| 48.3|236.3| 0.1|prestellar  |
513|183144.4-020058|18 31 44.40 -02 00 58.9|2.7e-02|3.6e-02| 0.13|0.07|20.0|2.6| 21.0|  1.2|  2.1| 11.9|  0.7|  1.7| 4.0|prestellar  |             tentative bound
514|183144.4-022732|18 31 44.42 -02 27 32.2|1.9e-02|3.0e-02| 0.11|0.06|11.5|4.5|  1.8|  1.5|  3.9|  1.1|  1.1|  4.6| 3.2|prestellar  |no SED fit   tentative bound
515|183145.1-020310|18 31 45.17 -02 03 10.2|1.3e-02|2.5e-02| 0.03|0.01|25.2|1.1| 28.9|  0.6|  2.2| 18.8|  0.5|  3.8| 8.4|protostellar|
516|183145.8-022102|18 31 45.84 -02 21 02.2|1.7e-02|3.0e-02| 0.44|0.09|12.4|0.6| 10.5|  5.9| 17.6|  6.4|  4.4| 22.3| 0.8|prestellar  |
517|183145.9-015946|18 31 45.98 -01 59 46.5|3.0e-02|4.0e-02| 0.82|0.14|15.4|0.9| 14.7|  6.0| 11.1|  7.9|  3.2|  8.2| 0.7|prestellar  |
518|183146.6-020543|18 31 46.61 -02 05 43.9|1.6e-02|2.7e-02| 0.51|0.06|18.1|0.7| 11.0|  8.4| 24.9|  7.0|  6.9| 35.2| 0.6|prestellar  |
519|183147.0-020425|18 31 47.08 -02 04 25.9|3.8e-02|4.5e-02| 3.47|0.30|16.1|0.4| 49.0| 20.5| 28.4| 24.9| 10.0| 16.3| 0.2|prestellar  |
520|183147.2-011627|18 31 47.25 -01 16 27.1|8.2e-02|8.6e-02| 0.95|0.47|11.5|4.5|  3.2|  1.5|  1.7|  1.0|  0.4|  0.4| 1.7|prestellar  |no SED fit
521|183147.2-022608|18 31 47.27 -02 26 08.5|2.0e-02|3.1e-02| 0.17|0.14|10.1|1.7|  3.4|  2.1|  5.0|  2.1|  1.5|  5.4| 2.3|prestellar  |             tentative bound
522|183147.5-023004|18 31 47.53 -02 30 04.2|1.8e-02|3.0e-02| 0.27|0.17| 9.7|1.3|  6.0|  3.6| 10.1|  3.7|  2.7| 12.3| 1.3|prestellar  |
523|183147.7-013634|18 31 47.77 -01 36 34.7|6.6e-02|7.1e-02| 0.60|0.30|11.5|4.5|  3.4|  1.4|  1.6|  1.3|  0.4|  0.5| 2.2|prestellar  |no SED fit   tentative bound
524|183148.1-015841|18 31 48.14 -01 58 41.8|1.8e-02|2.9e-02| 0.03|0.02|20.0|3.6|  0.6|  0.5|  1.2|  0.4|  0.3|  1.5|11.1|starless    |
525|183148.3-020348|18 31 48.35 -02 03 48.1|2.2e-02|3.3e-02| 3.58|0.81|10.8|0.7| 67.7| 38.6| 84.7| 39.8| 25.5| 82.9| 0.1|prestellar  |
526|183148.3-020139|18 31 48.39 -02 01 39.3|2.4e-02|3.7e-02| 4.05|2.03|14.5|4.5| 78.1| 35.9| 83.8| 44.0| 21.5| 76.7| 0.1|prestellar  |no SED fit
527|183148.5-020835|18 31 48.54 -02 08 35.0|3.0e-02|3.9e-02| 0.39|0.05|16.9|0.7|  5.9|  3.0|  4.9|  3.2|  1.7|  3.6| 1.6|prestellar  |
528|183148.5-015536|18 31 48.55 -01 55 36.7|1.4e-02|2.7e-02| 0.19|0.03|14.7|0.5|  5.5|  3.1| 12.0|  3.5|  2.6| 19.1| 1.4|prestellar  |
529|183149.0-022903|18 31 49.01 -02 29 03.9|3.2e-02|4.0e-02| 0.86|0.36| 9.0|0.9| 13.3|  6.3|  9.7|  7.1|  3.4|  6.6| 0.7|prestellar  |
530|183149.2-013146|18 31 49.22 -01 31 46.7|9.7e-02|1.0e-01| 0.47|0.19|14.0|1.8|  3.3|  0.6|  0.6|  0.9|  0.1|  0.1| 4.1|starless    |
531|183149.3-022024|18 31 49.31 -02 20 24.8|1.3e-02|2.5e-02| 0.15|0.08|13.8|1.7| 11.0|  2.9| 10.4|  7.1|  2.5| 17.3| 1.7|prestellar  |
532|183149.3-020038|18 31 49.34 -02 00 38.5|2.2e-02|3.4e-02| 2.05|0.62|11.5|0.7| 53.6| 21.6| 48.9| 31.3| 14.1| 48.0| 0.2|prestellar  |
533|183149.4-011659|18 31 49.43 -01 16 59.3|5.7e-02|6.2e-02| 0.43|0.21|11.5|4.5|  2.8|  1.3|  1.5|  1.2|  0.5|  0.6| 2.7|prestellar  |no SED fit   tentative bound
534|183150.6-021801|18 31 50.64 -02 18 01.6|2.0e-02|3.1e-02| 0.40|0.20|14.5|4.5| 11.1|  5.1| 12.3|  6.8|  3.7| 13.7| 1.0|prestellar  |no SED fit
535|183150.6-011557|18 31 50.65 -01 15 57.8|2.8e-02|3.6e-02| 0.24|0.20| 9.4|2.2|  2.2|  2.2|  3.8|  1.2|  1.4|  3.0| 2.2|prestellar  |             tentative bound
536|183150.8-014824|18 31 50.82 -01 48 24.7|3.6e-02|4.3e-02| 0.24|0.07|13.0|0.9|  3.0|  1.5|  2.2|  1.5|  0.8|  1.3| 3.0|prestellar  |             tentative bound
537|183151.0-013451|18 31 51.00 -01 34 51.6|2.4e-02|3.5e-02| 0.12|0.06|11.5|4.5|  1.3|  1.1|  2.4|  0.7|  0.7|  2.2| 4.0|prestellar  |no SED fit   tentative bound
538|183151.1-014917|18 31 51.11 -01 49 17.2|2.6e-02|3.8e-02| 0.04|0.02|14.5|4.5|  1.4|  0.4|  0.7|  0.8|  0.2|  0.6|12.0|starless    |no SED fit
539|183151.3-015751|18 31 51.35 -01 57 51.4|3.2e-02|3.9e-02| 0.78|0.11|15.2|0.4| 11.6|  6.0|  9.4|  6.3|  3.3|  6.5| 0.8|prestellar  |
540|183151.7-015330|18 31 51.78 -01 53 30.0|2.7e-02|4.0e-02| 0.26|0.05|13.6|0.7|  3.8|  1.9|  4.1|  2.0|  1.0|  3.3| 2.1|prestellar  |             tentative bound
541|183151.9-015448|18 31 51.95 -01 54 48.1|2.3e-02|3.5e-02| 0.20|0.03|16.4|0.6|  4.5|  1.9|  4.6|  2.6|  1.2|  4.4| 2.3|protostellar|
542|183151.9-020711|18 31 51.95 -02 07 11.9|1.5e-02|2.7e-02| 0.06|0.01|26.8|2.0|  1.5|  1.0|  3.5|  1.0|  0.8|  5.3| 4.6|prestellar  |             tentative bound
543|183152.3-020127|18 31 52.33 -02 01 27.3|2.1e-02|3.2e-02| 1.17|0.33|11.1|0.5| 20.3| 14.0| 32.0| 12.2|  9.7| 33.7| 0.4|protostellar|
544|183152.6-022938|18 31 52.63 -02 29 38.7|1.4e-02|2.7e-02| 0.72|0.15|12.6|1.1| 11.6| 12.1| 45.0|  7.4| 10.0| 71.8| 0.4|protostellar|
545|183152.7-015727|18 31 52.73 -01 57 27.4|2.0e-02|3.0e-02| 1.16|0.15|11.8|0.3| 18.0| 14.9| 35.6| 11.0| 10.8| 39.7| 0.3|prestellar  |
546|183153.3-020335|18 31 53.39 -02 03 35.2|3.0e-02|4.0e-02| 0.75|0.15|15.5|0.9| 12.8|  5.6|  9.8|  6.9|  3.1|  7.1| 0.8|prestellar  |
547|183153.5-021922|18 31 53.58 -02 19 22.7|2.8e-02|3.9e-02| 2.87|0.65|10.9|1.1| 54.8| 22.2| 44.1| 29.8| 12.4| 34.8| 0.2|prestellar  |
548|183153.7-020111|18 31 53.77 -02 01 11.7|2.4e-02|3.3e-02| 0.84|0.18|12.9|0.7| 18.2|  8.9| 17.1| 10.7|  5.8| 15.6| 0.6|prestellar  |
549|183154.2-020617|18 31 54.20 -02 06 17.9|2.2e-02|3.5e-02| 0.07|0.04|17.0|2.9|  1.2|  0.7|  1.7|  0.7|  0.4|  1.7| 6.2|starless    |
550|183155.1-023006|18 31 55.13 -02 30 06.7|5.8e-02|6.2e-02| 0.62|0.31|11.5|4.5|  5.4|  1.9|  2.2|  2.2|  0.7|  0.8| 1.8|prestellar  |no SED fit
551|183156.0-013543|18 31 56.04 -01 35 43.6|2.9e-02|3.8e-02| 0.27|0.14|10.7|1.3|  5.3|  2.2|  3.7|  3.0|  1.3|  2.8| 2.1|prestellar  |             tentative bound
552|183156.3-015741|18 31 56.35 -01 57 41.3|1.7e-02|2.8e-02| 0.26|0.08|12.8|1.1|  4.0|  4.1| 11.2|  2.5|  3.2| 14.8| 1.3|prestellar  |
553|183156.3-015509|18 31 56.38 -01 55 09.7|2.1e-02|3.2e-02| 0.01|0.01|29.4|7.2|  0.5|  0.1|  0.2|  0.3|  0.1|  0.2|46.9|starless    |
554|183156.9-015916|18 31 56.96 -01 59 16.0|1.9e-02|3.0e-02| 0.13|0.03|14.4|1.3|  3.3|  1.7|  4.3|  2.0|  1.3|  4.9| 2.8|prestellar  |             tentative bound
555|183157.2-015010|18 31 57.29 -01 50 10.3|3.6e-02|4.4e-02| 0.86|0.43|11.5|4.5| 16.1|  5.2|  7.9|  8.2|  2.6|  4.8| 0.8|prestellar  |no SED fit
556|183157.4-020025|18 31 57.48 -02 00 25.7|1.5e-02|2.7e-02| 0.66|0.10|12.9|0.4| 13.0| 10.7| 34.9|  8.2|  8.7| 51.1| 0.4|prestellar  |
557|183157.5-015632|18 31 57.54 -01 56 32.6|1.7e-02|2.8e-02| 0.22|0.05|14.7|0.8|  3.9|  3.4|  9.4|  2.4|  2.7| 12.5| 1.5|prestellar  |
558|183157.6-044207|18 31 57.61 -04 42 07.8|1.1e-02|2.4e-02| 0.07|0.03|11.5|4.5|  1.1|  1.4|  6.1|  0.7|  1.3| 11.7| 3.3|prestellar  |no SED fit   tentative bound
559|183158.5-023256|18 31 58.54 -02 32 56.4|2.0e-02|3.0e-02| 0.34|0.20| 9.1|1.3|  9.1|  4.4| 10.4|  5.5|  3.2| 11.6| 1.2|prestellar  |
560|183159.4-014406|18 31 59.44 -01 44 06.8|5.9e-02|6.3e-02| 0.86|0.43|11.5|4.5|  5.6|  2.5|  3.0|  2.3|  0.9|  1.1| 1.4|prestellar  |no SED fit
561|183159.6-014916|18 31 59.65 -01 49 16.4|3.0e-02|4.0e-02| 0.23|0.12|11.5|4.5| 16.2|  1.7|  3.1|  8.7|  0.9|  2.2| 2.5|prestellar  |no SED fit   tentative bound
562|183159.9-022016|18 31 59.97 -02 20 16.3|3.3e-02|4.2e-02| 0.66|0.39| 9.6|1.5| 17.8|  4.5|  7.1|  9.4|  2.3|  4.6| 1.0|prestellar  |
563|183159.9-023113|18 31 59.99 -02 31 13.6|3.1e-02|3.9e-02| 0.17|0.12|11.5|1.7|  3.0|  1.3|  2.1|  1.6|  0.7|  1.5| 3.6|prestellar  |             tentative bound
564|183200.1-020005|18 32 00.16 -02 00 05.9|2.2e-02|3.3e-02| 0.93|0.10|12.9|0.3| 19.0| 10.2| 23.7| 11.2|  6.8| 24.0| 0.5|prestellar  |
565|183200.1-015540|18 32 00.16 -01 55 40.7|1.6e-02|2.8e-02| 0.02|0.01|17.7|3.6|  0.6|  0.3|  1.1|  0.4|  0.3|  1.5|13.4|starless    |
566|183200.8-020539|18 32 00.87 -02 05 39.6|2.4e-02|3.7e-02| 0.18|0.03|17.5|0.7|  2.9|  1.5|  3.6|  1.6|  0.9|  3.3| 2.7|prestellar  |             tentative bound
567|183200.9-043226|18 32 00.97 -04 32 26.4|2.2e-02|3.2e-02| 0.04|0.02|14.5|4.5|  1.1|  0.5|  1.1|  0.7|  0.3|  1.1|10.2|starless    |no SED fit
568|183201.1-022043|18 32 01.11 -02 20 43.3|1.1e-02|2.3e-02| 0.02|0.01|22.2|2.8|  2.4|  0.5|  2.1|  1.6|  0.5|  4.1| 9.6|starless    |
569|183201.2-044311|18 32 01.27 -04 43 11.3|1.4e-02|2.7e-02| 0.05|0.40|13.2|1.9|  3.3|  0.9|  3.0|  2.1|  0.7|  4.5| 5.5|starless    |
570|183201.3-022942|18 32 01.36 -02 29 42.9|2.1e-02|3.3e-02| 0.04|0.04|16.4|4.8|  1.5|  0.5|  1.0|  0.9|  0.3|  1.1|10.4|starless    |
571|183201.5-042354|18 32 01.56 -04 23 54.9|3.5e-02|4.6e-02| 0.24|0.12|11.5|4.5|  3.7|  1.3|  2.3|  1.9|  0.6|  1.4| 2.9|prestellar  |no SED fit   tentative bound
572|183201.9-014324|18 32 01.91 -01 43 24.0|2.8e-02|3.7e-02| 0.41|0.06|12.2|0.4|  7.6|  3.5|  6.1|  4.2|  2.0|  4.8| 1.4|prestellar  |
573|183202.5-020130|18 32 02.55 -02 01 30.0|1.8e-02|2.9e-02| 0.62|0.09|12.6|0.4| 11.7|  8.7| 22.5|  7.3|  6.6| 27.3| 0.6|prestellar  |
574|183202.5-022152|18 32 02.55 -02 21 52.1|1.6e-02|2.7e-02| 0.42|0.10|11.6|0.7|  8.6|  6.6| 18.7|  5.4|  5.3| 25.1| 0.8|prestellar  |
575|183202.7-023245|18 32 02.74 -02 32 45.9|5.9e-02|6.3e-02| 2.58|0.59| 9.1|0.4| 12.4|  7.6|  8.7|  5.0|  2.6|  3.2| 0.5|prestellar  |
576|183203.3-015459|18 32 03.35 -01 54 59.3|5.6e-02|6.1e-02| 0.26|0.13|14.5|4.5|  4.0|  0.9|  1.0|  1.7|  0.3|  0.4| 4.2|starless    |no SED fit
577|183203.6-014757|18 32 03.64 -01 47 57.5|5.1e-02|5.6e-02| 3.55|0.64| 8.9|0.4| 27.1| 13.5| 16.3| 12.0|  5.3|  7.0| 0.3|prestellar  |
578|183203.9-020103|18 32 03.96 -02 01 03.2|1.3e-02|2.5e-02| 0.50|0.08|11.5|0.4| 11.7|  9.4| 33.4|  7.6|  8.2| 54.8| 0.5|prestellar  |
579|183204.2-020137|18 32 04.26 -02 01 37.5|2.2e-02|3.4e-02| 1.15|0.15|11.8|0.4| 23.1| 12.0| 28.5| 13.5|  7.8| 28.5| 0.4|prestellar  |
580|183205.2-022111|18 32 05.27 -02 21 11.2|1.4e-02|2.6e-02| 1.47|0.18|12.0|0.4| 32.5| 25.8| 85.8| 20.8| 21.8|132.0| 0.2|protostellar|
581|183205.5-015529|18 32 05.55 -01 55 29.0|2.4e-02|3.4e-02| 0.05|0.03|14.5|4.5|  1.8|  0.5|  1.0|  1.0|  0.3|  0.9| 9.2|starless    |no SED fit
582|183205.8-015901|18 32 05.84 -01 59 01.7|1.7e-02|2.8e-02| 0.08|0.02|15.6|1.3|  3.0|  1.1|  3.1|  1.9|  0.9|  3.9| 4.5|prestellar  |             tentative bound
583|183206.9-015945|18 32 06.90 -01 59 45.2|2.2e-02|3.2e-02| 0.15|0.06|14.1|1.2|  4.6|  1.7|  3.8|  2.7|  1.2|  3.9| 2.8|prestellar  |             tentative bound
584|183207.0-023910|18 32 07.06 -02 39 10.2|4.5e-02|5.0e-02| 0.11|0.05|15.2|2.0|  2.4|  0.5|  0.6|  1.1|  0.2|  0.3| 8.3|starless    |
585|183208.4-020115|18 32 08.44 -02 01 15.0|1.9e-02|3.0e-02| 0.23|0.06|12.2|1.0|  5.4|  3.0|  7.5|  3.3|  2.2|  8.6| 1.6|prestellar  |
586|183208.7-024211|18 32 08.79 -02 42 11.2|3.3e-02|4.1e-02| 0.77|0.12|10.9|0.4| 12.5|  5.4|  8.6|  6.6|  2.8|  5.7| 0.8|prestellar  |
587|183208.8-015942|18 32 08.81 -01 59 42.6|1.5e-02|2.7e-02| 0.10|0.05|13.4|1.4|  3.1|  1.7|  5.2|  2.0|  1.4|  7.4| 2.9|prestellar  |             tentative bound
588|183209.8-015858|18 32 09.84 -01 58 58.5|1.8e-02|3.0e-02| 0.24|0.07|12.9|0.8|  7.4|  3.2|  8.8|  4.5|  2.3| 10.6| 1.5|prestellar  |
589|183210.2-022424|18 32 10.21 -02 24 24.3|2.4e-02|3.6e-02| 0.06|0.03|14.0|1.3|  1.7|  0.6|  1.2|  1.0|  0.3|  1.1| 7.9|starless    |
590|183210.5-022248|18 32 10.53 -02 22 48.3|2.3e-02|3.5e-02| 0.26|0.05|14.3|0.6|  4.5|  2.5|  5.6|  2.6|  1.6|  5.2| 1.8|prestellar  |
591|183210.9-020038|18 32 10.93 -02 00 38.1|2.3e-02|3.4e-02| 0.09|0.03|14.9|1.3|  2.6|  0.9|  2.0|  1.5|  0.6|  1.9| 5.2|starless    |
592|183211.4-023718|18 32 11.40 -02 37 18.2|6.6e-02|7.0e-02| 0.23|0.10|14.3|2.0|  2.5|  0.6|  0.6|  0.9|  0.2|  0.2| 5.7|starless    |
593|183212.4-015855|18 32 12.48 -01 58 55.2|1.7e-02|2.8e-02| 0.28|0.09|12.1|0.7|  8.4|  4.3| 12.0|  5.3|  3.4| 15.8| 1.2|prestellar  |
594|183212.9-015928|18 32 12.93 -01 59 28.1|1.3e-02|2.7e-02| 0.34|0.07|12.7|0.6| 11.6|  5.7| 23.1|  7.4|  4.7| 38.2| 0.8|prestellar  |
595|183213.6-015730|18 32 13.62 -01 57 30.1|1.1e-02|2.3e-02| 0.11|0.01|18.9|0.6|  4.5|  2.5| 10.1|  3.0|  2.4| 19.3| 2.0|protostellar|
596|183214.1-020837|18 32 14.17 -02 08 37.2|3.7e-02|4.7e-02| 0.28|0.14|14.5|4.5|  5.6|  1.5|  2.5|  2.8|  0.7|  1.5| 2.6|prestellar  |no SED fit   tentative bound
597|183215.1-015725|18 32 15.17 -01 57 25.0|2.6e-02|3.5e-02| 0.92|0.12|12.4|0.4| 18.9|  8.8| 16.6| 10.8|  5.5| 14.2| 0.6|prestellar  |
598|183215.3-020947|18 32 15.31 -02 09 47.3|5.3e-02|5.8e-02| 0.69|0.35|14.5|4.5|  8.8|  2.4|  2.9|  3.8|  0.9|  1.2| 1.5|prestellar  |no SED fit
599|183216.1-023449|18 32 16.12 -02 34 49.2|1.7e-02|2.9e-02| 1.27|0.18|12.1|0.6| 24.7| 17.4| 53.0| 15.2| 13.0| 68.9| 0.3|protostellar|
600|183216.1-024530|18 32 16.18 -02 45 30.2|2.3e-02|3.6e-02| 0.13|0.04|12.0|0.7|  2.9|  1.2|  3.0|  1.7|  0.8|  2.8| 3.4|prestellar  |             tentative bound
601|183216.7-021205|18 32 16.71 -02 12 05.4|2.1e-02|3.3e-02| 0.09|0.05|13.2|1.4|  2.3|  1.0|  2.5|  1.4|  0.7|  2.6| 4.4|starless    |
602|183217.4-015323|18 32 17.41 -01 53 23.3|2.2e-02|3.4e-02| 0.16|0.04|12.1|0.6|  3.7|  1.7|  4.2|  2.2|  1.1|  4.3| 2.6|prestellar  |             tentative bound
603|183217.5-023149|18 32 17.53 -02 31 49.8|2.6e-02|3.6e-02| 0.09|0.07|12.3|2.3|  2.9|  0.8|  1.5|  1.6|  0.5|  1.2| 6.1|starless    |
604|183218.1-015645|18 32 18.19 -01 56 45.5|1.4e-02|2.5e-02| 0.36|0.18|11.5|4.5|  9.5|  6.6| 22.7|  6.1|  5.7| 36.1| 0.8|prestellar  |no SED fit
605|183218.4-024142|18 32 18.43 -02 41 42.1|5.2e-02|5.7e-02| 1.06|0.38| 9.8|0.9| 10.2|  3.9|  4.7|  4.5|  1.5|  2.0| 1.0|prestellar  |
606|183219.4-015723|18 32 19.46 -01 57 23.5|2.0e-02|3.1e-02| 0.14|0.08|11.9|1.2|  3.4|  1.7|  4.0|  2.0|  1.2|  4.3| 2.8|prestellar  |             tentative bound
607|183219.7-015815|18 32 19.71 -01 58 15.9|1.9e-02|3.0e-02| 0.01|0.01|19.2|4.4|  0.4|  0.1|  0.2|  0.2|  0.1|  0.2|57.1|starless    |
608|183220.0-023216|18 32 20.04 -02 32 16.4|5.9e-02|6.4e-02| 0.29|0.13|13.8|1.7|  2.6|  0.9|  1.0|  1.1|  0.3|  0.4| 4.0|starless    |
609|183221.6-015552|18 32 21.68 -01 55 52.2|1.1e-02|2.4e-02| 0.19|0.07|11.6|0.6| 10.1|  4.0| 17.4|  6.7|  3.7| 33.3| 1.2|prestellar  |
610|183221.8-015752|18 32 21.86 -01 57 52.9|1.9e-02|3.0e-02| 0.02|0.01|16.8|1.9|  1.1|  0.3|  0.7|  0.7|  0.2|  0.8|17.8|starless    |
611|183222.0-015627|18 32 22.05 -01 56 27.1|3.4e-02|4.2e-02| 0.64|0.11|12.1|0.5| 14.8|  4.3|  6.4|  7.8|  2.3|  4.1| 1.1|prestellar  |
612|183222.6-020047|18 32 22.64 -02 00 47.4|2.4e-02|3.5e-02| 0.03|0.01|14.5|4.5|  1.1|  0.3|  0.6|  0.7|  0.2|  0.5|16.0|starless    |no SED fit
613|183222.9-021546|18 32 22.91 -02 15 46.3|4.4e-02|5.0e-02| 0.22|0.05|17.6|1.1|  2.3|  1.1|  1.4|  1.1|  0.5|  0.7| 3.9|starless    |
614|183222.9-020529|18 32 22.98 -02 05 29.1|4.1e-02|4.8e-02| 0.17|0.09|14.5|4.5|  2.5|  0.9|  1.2|  1.2|  0.4|  0.6| 4.7|starless    |no SED fit
615|183223.0-022945|18 32 23.01 -02 29 45.9|3.1e-02|4.0e-02| 0.08|0.04|14.5|4.5|  1.6|  0.6|  1.0|  0.9|  0.3|  0.7| 7.4|starless    |no SED fit
616|183223.2-015458|18 32 23.25 -01 54 58.2|1.8e-02|2.9e-02| 0.27|0.06|13.2|0.5| 11.9|  3.7|  9.7|  7.3|  2.8| 11.7| 1.3|prestellar  |
617|183223.9-015334|18 32 23.90 -01 53 34.8|1.1e-02|2.3e-02| 0.21|0.05|12.1|0.5|  9.8|  4.8| 19.1|  6.5|  4.6| 36.5| 1.1|prestellar  |
618|183224.1-021357|18 32 24.14 -02 13 57.4|3.5e-02|4.2e-02| 1.29|0.61| 8.2|0.8| 14.9|  8.6| 12.4|  7.8|  4.5|  7.7| 0.5|prestellar  |
619|183224.3-012503|18 32 24.31 -01 25 03.1|1.1e-01|1.1e-01| 1.82|0.91|11.5|4.5|  3.9|  1.8|  1.9|  1.0|  0.4|  0.4| 1.2|prestellar  |no SED fit
620|183225.9-015403|18 32 25.91 -01 54 03.4|2.1e-02|3.2e-02| 0.29|0.19|11.4|0.7|  8.4|  3.3|  7.6|  5.0|  2.2|  7.9| 1.4|prestellar  |
621|183225.9-020720|18 32 25.92 -02 07 20.4|4.2e-02|4.8e-02| 0.16|0.08|14.5|4.5|  2.7|  0.8|  1.1|  1.3|  0.4|  0.6| 5.3|starless    |no SED fit
622|183226.1-023754|18 32 26.16 -02 37 54.6|7.4e-02|7.8e-02| 0.65|0.33|11.5|4.5|  2.9|  1.3|  1.4|  1.0|  0.4|  0.4| 2.2|prestellar  |no SED fit   tentative bound
623|183226.3-023857|18 32 26.33 -02 38 57.2|3.5e-02|4.2e-02| 0.36|0.14|10.1|1.0|  7.1|  2.4|  3.4|  3.7|  1.2|  2.1| 1.9|prestellar  |
624|183226.6-012718|18 32 26.65 -01 27 18.3|2.9e-02|4.1e-02| 0.23|0.12|11.5|4.5|  2.0|  1.6|  3.3|  1.1|  0.9|  2.5| 2.5|prestellar  |no SED fit   tentative bound
625|183226.8-021229|18 32 26.88 -02 12 29.8|5.6e-02|6.1e-02| 3.18|0.93| 8.9|0.6| 27.7| 10.3| 12.2| 11.7|  3.7|  4.8| 0.3|prestellar  |
626|183226.9-035047|18 32 26.98 -03 50 47.4|5.5e-02|6.0e-02| 0.15|0.08|11.5|4.5|  1.6|  0.5|  0.6|  0.7|  0.2|  0.2| 7.1|starless    |no SED fit
627|183227.4-022741|18 32 27.42 -02 27 41.9|4.1e-02|4.7e-02| 1.36|0.29| 9.3|0.4| 19.6|  7.2|  9.6|  9.7|  3.3|  5.1| 0.6|prestellar  |
628|183228.1-015520|18 32 28.17 -01 55 20.1|1.3e-02|2.5e-02| 0.02|0.01|16.8|3.1|  0.4|  0.3|  1.2|  0.3|  0.3|  2.0|14.0|starless    |
629|183228.6-015457|18 32 28.61 -01 54 57.1|2.1e-02|3.3e-02| 0.05|0.02|14.3|2.1|  1.3|  0.5|  1.3|  0.8|  0.4|  1.3| 8.8|starless    |
630|183228.8-015000|18 32 28.80 -01 50 00.6|3.0e-02|3.8e-02| 0.04|0.03|17.8|4.9|  1.4|  0.3|  0.5|  0.8|  0.2|  0.4|15.4|starless    |
631|183228.8-015221|18 32 28.85 -01 52 21.6|1.2e-02|2.5e-02| 0.75|0.08|13.0|0.7| 12.8| 14.6| 58.5|  8.4| 13.0|104.3| 0.3|protostellar|
632|183228.9-015811|18 32 28.97 -01 58 11.1|1.7e-02|2.9e-02| 0.03|0.02|14.5|4.5|  1.0|  0.5|  1.3|  0.6|  0.3|  1.7|10.3|starless    |no SED fit
633|183229.0-015242|18 32 29.00 -01 52 42.4|1.9e-02|3.1e-02| 3.18|0.24| 9.8|0.2| 57.2| 38.9|104.0| 34.5| 27.4|119.7| 0.1|prestellar  |
634|183229.5-021128|18 32 29.58 -02 11 28.4|4.7e-02|5.2e-02| 0.83|0.19|11.2|0.7|  9.5|  3.6|  4.5|  4.4|  1.5|  2.1| 1.1|prestellar  |
635|183229.9-014901|18 32 29.91 -01 49 01.3|2.1e-02|3.2e-02| 0.09|0.03|13.9|1.0|  1.7|  1.0|  2.3|  1.0|  0.7|  2.4| 4.8|starless    |
636|183230.1-012526|18 32 30.19 -01 25 26.1|3.4e-02|4.1e-02| 0.18|0.09|11.5|4.5|  2.3|  1.3|  1.8|  1.2|  0.7|  1.2| 3.7|prestellar  |no SED fit   tentative bound
637|183234.0-015134|18 32 34.03 -01 51 34.1|2.0e-02|3.1e-02| 0.46|0.29| 8.6|1.0| 10.4|  5.7| 13.5|  6.3|  4.0| 14.8| 0.9|prestellar  |
638|183234.3-012544|18 32 34.37 -01 25 44.7|3.3e-02|4.1e-02| 0.11|0.06|11.5|4.5|  1.7|  0.8|  1.2|  0.9|  0.4|  0.8| 5.9|starless    |no SED fit
639|183235.1-015013|18 32 35.10 -01 50 13.2|3.2e-02|4.1e-02| 0.42|0.13|10.2|0.5|  6.6|  3.1|  4.8|  3.5|  1.7|  3.3| 1.5|prestellar  |
640|183236.0-014916|18 32 36.03 -01 49 16.8|2.8e-02|3.7e-02| 0.56|0.30| 8.6|0.9| 11.2|  5.0|  8.7|  6.3|  3.0|  6.9| 1.0|prestellar  |
641|183236.3-014841|18 32 36.38 -01 48 41.0|1.7e-02|2.9e-02| 0.79|0.41| 8.0|0.8| 15.3| 11.4| 33.4|  9.5|  8.7| 43.7| 0.4|prestellar  |
642|183237.8-023718|18 32 37.83 -02 37 18.0|5.4e-02|5.9e-02| 0.34|0.13|10.7|0.9|  3.5|  1.2|  1.4|  1.5|  0.4|  0.6| 3.1|prestellar  |             tentative bound
643|183238.5-025028|18 32 38.50 -02 50 28.9|4.4e-02|5.0e-02| 0.38|0.07|13.3|0.8|  6.0|  1.8|  2.4|  2.8|  0.8|  1.2| 2.3|prestellar  |             tentative bound
644|183238.5-022853|18 32 38.53 -02 28 53.4|4.7e-02|5.2e-02| 0.45|0.09|12.9|0.6|  3.0|  2.0|  2.4|  1.4|  0.8|  1.1| 2.0|prestellar  |             tentative bound
645|183238.6-015033|18 32 38.64 -01 50 33.3|1.8e-02|3.0e-02| 0.18|0.10|11.1|1.5|  5.1|  2.4|  6.6|  3.1|  1.8|  8.0| 2.0|prestellar  |
646|183238.6-015145|18 32 38.65 -01 51 45.3|1.4e-02|2.5e-02| 0.03|0.02|11.5|4.5|  0.7|  0.6|  2.2|  0.4|  0.5|  3.5| 7.8|starless    |no SED fit
647|183239.1-014702|18 32 39.11 -01 47 02.8|2.0e-02|3.3e-02| 0.15|0.04|12.7|0.6|  3.1|  1.7|  4.4|  1.8|  1.1|  4.7| 2.6|prestellar  |             tentative bound
648|183239.4-015400|18 32 39.42 -01 54 00.9|1.1e-02|2.4e-02| 0.06|0.05|12.8|2.6|  3.0|  1.3|  5.8|  1.9|  1.2| 11.0| 3.5|prestellar  |             tentative bound
649|183239.9-015332|18 32 39.99 -01 53 32.9|3.2e-02|3.9e-02| 0.07|0.05|15.9|3.5|  2.5|  0.5|  0.8|  1.3|  0.3|  0.5| 9.5|starless    |
650|183241.6-014655|18 32 41.67 -01 46 55.6|2.5e-02|3.4e-02| 0.13|0.03|13.0|0.7|  2.8|  1.3|  2.6|  1.6|  0.8|  2.3| 3.7|prestellar  |             tentative bound
651|183242.2-012543|18 32 42.22 -01 25 43.5|4.4e-02|5.3e-02| 0.25|0.11|14.1|1.8|  2.0|  1.1|  1.5|  0.9|  0.4|  0.8| 3.5|prestellar  |             tentative bound
652|183242.7-024754|18 32 42.73 -02 47 54.4|1.7e-02|2.8e-02| 0.47|0.23|11.5|4.5|  6.8|  6.9| 20.2|  4.2|  5.4| 26.7| 0.7|protostellar|no SED fit
653|183243.0-014925|18 32 43.07 -01 49 25.9|5.1e-02|5.6e-02| 0.33|0.17|11.5|4.5|  3.0|  1.2|  1.5|  1.3|  0.5|  0.7| 3.0|prestellar  |no SED fit   tentative bound
654|183243.0-025035|18 32 43.08 -02 50 35.1|3.7e-02|4.4e-02| 0.20|0.10|11.5|4.5|  2.6|  1.2|  1.8|  1.3|  0.6|  1.1| 3.6|prestellar  |no SED fit   tentative bound
655|183243.2-015344|18 32 43.21 -01 53 44.5|3.6e-02|4.3e-02| 1.11|0.20| 9.7|0.4| 11.6|  7.1| 10.5|  6.0|  3.6|  6.4| 0.6|prestellar  |
656|183246.8-025337|18 32 46.86 -02 53 37.6|1.8e-02|3.0e-02| 0.07|0.04|11.5|4.5|  0.9|  0.9|  2.5|  0.6|  0.7|  3.1| 5.1|starless    |no SED fit
657|183247.6-015150|18 32 47.66 -01 51 50.3|1.8e-02|2.9e-02| 1.57|0.19| 9.6|0.2| 29.3| 22.5| 58.0| 18.2| 17.1| 70.8| 0.2|prestellar  |
658|183248.0-023941|18 32 48.02 -02 39 41.1|1.5e-02|2.7e-02| 0.06|0.02|13.5|1.3|  1.1|  1.0|  3.1|  0.7|  0.8|  4.5| 5.0|protostellar|
659|183248.4-022914|18 32 48.47 -02 29 14.4|2.2e-02|3.4e-02| 0.04|0.02|14.5|4.5|  1.1|  0.4|  1.0|  0.6|  0.3|  1.0|10.2|starless    |no SED fit
660|183249.5-025151|18 32 49.59 -02 51 51.5|2.7e-02|3.6e-02| 0.13|0.09|10.4|2.1|  3.7|  1.3|  2.3|  2.1|  0.8|  1.9| 3.9|prestellar  |             tentative bound
661|183250.7-025356|18 32 50.74 -02 53 56.3|4.0e-02|4.6e-02| 0.32|0.08|12.7|0.8|  6.7|  1.8|  2.4|  3.3|  0.8|  1.3| 2.5|prestellar  |             tentative bound
662|183251.3-024708|18 32 51.38 -02 47 08.9|3.4e-02|4.6e-02| 0.41|0.20|11.5|4.5|  4.3|  2.3|  4.1|  2.1|  1.1|  2.7| 1.7|prestellar  |no SED fit
663|183251.5-023317|18 32 51.55 -02 33 17.4|5.4e-02|5.9e-02| 0.66|0.16|12.0|0.8|  6.8|  2.3|  2.7|  2.9|  0.9|  1.1| 1.6|prestellar  |
664|183253.0-032531|18 32 53.09 -03 25 31.3|2.0e-02|3.2e-02| 0.20|0.14| 9.2|1.3|  2.4|  2.3|  6.2|  1.4|  1.6|  6.9| 1.9|prestellar  |
665|183253.2-023013|18 32 53.26 -02 30 13.6|5.0e-02|5.6e-02| 0.12|0.06|14.5|4.5|  1.9|  0.5|  0.5|  0.9|  0.2|  0.2| 8.5|starless    |no SED fit
666|183253.2-015101|18 32 53.27 -01 51 01.2|2.6e-02|3.7e-02| 0.15|0.10|12.4|2.2|  3.4|  1.3|  2.7|  1.9|  0.8|  2.3| 3.3|prestellar  |             tentative bound
667|183253.4-025012|18 32 53.42 -02 50 12.0|4.6e-02|5.5e-02| 0.44|0.22|11.5|4.5|  6.2|  1.7|  2.5|  2.8|  0.7|  1.2| 2.0|prestellar  |no SED fit   tentative bound
668|183254.4-014903|18 32 54.42 -01 49 03.0|3.0e-02|3.8e-02| 0.45|0.10|11.6|0.7| 11.5|  3.6|  5.8|  6.3|  2.1|  4.2| 1.3|prestellar  |
669|183254.6-014736|18 32 54.66 -01 47 36.6|3.7e-02|4.6e-02| 0.26|0.13|10.3|1.2|  5.2|  1.5|  2.3|  2.6|  0.7|  1.3| 2.8|prestellar  |             tentative bound
670|183255.5-014615|18 32 55.53 -01 46 15.5|2.3e-02|3.5e-02| 0.13|0.04|11.7|0.7|  2.3|  1.3|  3.0|  1.3|  0.8|  2.8| 3.4|prestellar  |             tentative bound
671|183255.9-025450|18 32 55.98 -02 54 50.4|3.3e-02|4.4e-02| 0.19|0.10|11.2|1.5|  3.9|  1.2|  2.1|  2.0|  0.6|  1.4| 3.4|prestellar  |             tentative bound
672|183256.0-024400|18 32 56.02 -02 44 00.0|4.3e-02|4.9e-02| 0.89|0.17|10.8|0.4| 15.1|  4.4|  5.7|  7.3|  2.0|  2.9| 1.0|prestellar  |
673|183257.3-025315|18 32 57.31 -02 53 15.5|2.1e-02|3.2e-02| 0.10|0.08|10.8|1.9|  1.6|  1.2|  2.8|  0.9|  0.8|  2.9| 4.1|prestellar  |             tentative bound
674|183257.3-015024|18 32 57.37 -01 50 24.0|2.8e-02|4.0e-02| 0.10|0.06|12.9|2.2|  1.7|  0.7|  1.5|  0.9|  0.4|  1.2| 5.6|starless    |
675|183258.5-025546|18 32 58.55 -02 55 46.7|1.7e-02|2.9e-02| 0.29|0.12| 9.8|0.9|  6.1|  4.0| 11.2|  3.7|  3.0| 14.1| 1.2|prestellar  |
676|183301.4-024658|18 33 01.40 -02 46 58.6|5.4e-02|5.9e-02| 2.00|0.53|10.1|0.6| 19.8|  6.8|  8.3|  8.5|  2.5|  3.4| 0.5|prestellar  |
677|183302.2-012618|18 33 02.23 -01 26 18.7|3.5e-02|4.6e-02| 0.13|0.07|11.5|4.5|  1.5|  0.8|  1.3|  0.7|  0.4|  0.8| 5.1|starless    |no SED fit
678|183302.7-023005|18 33 02.78 -02 30 05.1|2.4e-02|3.3e-02| 0.10|0.05|11.5|4.5|  1.5|  1.1|  2.0|  0.9|  0.7|  1.9| 4.8|starless    |no SED fit
679|183303.4-025106|18 33 03.40 -02 51 06.5|2.2e-02|3.3e-02| 2.08|0.50| 7.8|0.4| 28.5| 23.0| 50.1| 16.8| 15.4| 49.6| 0.2|prestellar  |
680|183305.8-025200|18 33 05.85 -02 52 00.8|2.5e-02|3.7e-02| 1.48|0.67| 7.1|0.6| 15.2| 12.5| 27.0|  8.5|  7.3| 23.3| 0.3|prestellar  |
681|183306.8-024416|18 33 06.80 -02 44 16.9|3.1e-02|3.9e-02| 0.42|0.05|13.0|0.4| 10.2|  3.3|  5.3|  5.6|  1.9|  3.8| 1.4|protostellar|
682|183309.1-023325|18 33 09.15 -02 33 25.3|3.6e-02|4.4e-02| 0.09|0.02|14.3|0.9|  1.6|  0.5|  0.8|  0.8|  0.3|  0.5| 8.2|starless    |
683|183309.8-024604|18 33 09.89 -02 46 04.0|4.9e-02|5.5e-02| 0.95|0.26|10.1|0.7| 11.9|  3.8|  4.6|  5.4|  1.5|  2.1| 1.0|prestellar  |
684|183310.5-023513|18 33 10.55 -02 35 13.2|1.5e-02|2.6e-02| 0.06|0.03|11.5|4.5|  0.9|  1.0|  2.9|  0.6|  0.8|  4.3| 5.3|starless    |no SED fit
685|183312.4-024418|18 33 12.44 -02 44 18.7|4.3e-02|5.4e-02| 0.31|0.15|10.8|1.2|  4.2|  1.3|  2.0|  1.9|  0.5|  1.0| 2.8|prestellar  |             tentative bound
686|183314.1-023545|18 33 14.19 -02 35 45.1|3.1e-02|3.9e-02| 0.23|0.14| 9.7|1.1|  3.8|  1.8|  2.9|  2.0|  1.0|  2.1| 2.6|prestellar  |             tentative bound
687|183314.3-024944|18 33 14.30 -02 49 44.4|1.9e-02|3.2e-02| 0.18|0.13|10.0|1.5|  3.6|  2.2|  5.8|  2.2|  1.5|  6.7| 2.1|prestellar  |             tentative bound
688|183314.9-024809|18 33 14.90 -02 48 09.8|3.1e-02|4.0e-02| 0.83|0.45| 7.7|0.8|  9.1|  6.1| 10.4|  4.9|  3.3|  7.4| 0.7|prestellar  |
689|183316.5-025956|18 33 16.54 -02 59 56.3|2.9e-02|3.8e-02| 0.06|0.04|14.7|3.3|  1.6|  0.5|  0.9|  0.9|  0.3|  0.6| 9.1|starless    |
690|183317.8-024903|18 33 17.81 -02 49 03.1|3.9e-02|4.6e-02| 0.15|0.09|13.2|2.3|  3.3|  0.8|  1.2|  1.7|  0.4|  0.7| 5.2|starless    |
691|183322.2-024238|18 33 22.27 -02 42 38.3|5.7e-02|6.3e-02| 1.13|0.42| 8.8|0.8| 13.7|  3.4|  4.2|  5.6|  1.2|  1.6| 1.0|prestellar  |
692|183329.2-024224|18 33 29.26 -02 42 24.9|3.4e-02|4.3e-02| 0.58|0.19|10.0|0.8|  8.3|  3.7|  6.0|  4.3|  1.9|  3.9| 1.2|prestellar  |
693|183329.6-024556|18 33 29.65 -02 45 56.7|2.3e-02|3.3e-02| 0.20|0.10|11.5|4.5|  5.2|  2.2|  4.5|  3.0|  1.5|  4.2| 2.3|protostellar|no SED fit
694|183332.4-024637|18 33 32.47 -02 46 37.6|3.1e-02|3.9e-02| 0.64|0.34| 7.8|0.8|  9.9|  5.0|  8.1|  5.4|  2.8|  5.8| 0.9|prestellar  |
695|183340.4-030320|18 33 40.44 -03 03 20.0|3.2e-02|4.2e-02| 0.07|0.04|13.7|2.7|  1.3|  0.4|  0.8|  0.7|  0.2|  0.5| 9.4|starless    |
696|183353.6-030437|18 33 53.65 -03 04 37.0|3.1e-02|4.0e-02| 0.24|0.15|10.0|1.6|  4.6|  1.8|  3.1|  2.5|  1.0|  2.2| 2.5|prestellar  |             tentative bound
697|183354.1-034246|18 33 54.18 -03 42 46.9|2.1e-02|3.3e-02| 0.08|0.04|11.5|4.5|  0.9|  0.9|  2.1|  0.5|  0.6|  2.1| 5.3|starless    |no SED fit
698|183354.3-030534|18 33 54.31 -03 05 34.7|1.7e-02|3.0e-02| 0.20|0.10|10.8|1.3|  4.3|  2.7|  7.9|  2.6|  2.0| 10.0| 1.7|prestellar  |
699|183359.8-030614|18 33 59.88 -03 06 14.2|2.1e-02|3.3e-02| 0.13|0.08|11.6|1.8|  3.2|  1.4|  3.4|  1.9|  0.9|  3.5| 3.3|prestellar  |             tentative bound
700|183404.3-030759|18 34 04.33 -03 07 59.4|3.2e-02|4.0e-02| 0.25|0.08|13.4|1.2|  4.6|  1.8|  2.9|  2.5|  1.0|  2.0| 2.6|prestellar  |             tentative bound
701|183408.1-014203|18 34 08.19 -01 42 03.6|2.3e-02|3.3e-02| 0.12|0.06|12.2|1.4|  3.6|  1.3|  2.7|  2.2|  0.9|  2.6| 3.8|prestellar  |             tentative bound
702|183411.1-014158|18 34 11.15 -01 41 58.9|2.4e-02|3.5e-02| 0.26|0.12|10.2|0.9|  5.4|  2.5|  5.5|  3.1|  1.6|  5.1| 1.8|prestellar  |
703|183414.8-014158|18 34 14.89 -01 41 58.7|4.3e-02|4.9e-02| 0.46|0.13|11.5|0.9|  6.8|  2.2|  2.9|  3.3|  1.0|  1.5| 1.9|prestellar  |
704|183416.7-021619|18 34 16.71 -02 16 19.3|2.6e-02|3.9e-02| 0.06|0.02|15.1|1.2|  1.0|  0.4|  1.0|  0.5|  0.2|  0.9| 8.8|starless    |
705|183426.9-014240|18 34 26.96 -01 42 40.6|3.3e-02|4.7e-02| 0.68|0.19|11.6|0.9|  7.0|  3.6|  7.5|  3.4|  1.6|  5.1| 1.0|prestellar  |
706|183428.5-014437|18 34 28.56 -01 44 37.9|1.9e-02|3.1e-02| 0.16|0.10|11.1|1.6|  3.4|  2.0|  5.0|  2.0|  1.4|  5.7| 2.4|prestellar  |             tentative bound
707|183432.3-021731|18 34 32.38 -02 17 31.6|1.7e-02|2.9e-02| 0.04|0.02|11.5|4.5|  0.6|  0.6|  1.7|  0.4|  0.5|  2.2| 7.9|starless    |no SED fit
708|183442.2-022052|18 34 42.23 -02 20 52.8|3.1e-02|3.9e-02| 0.04|0.03|15.2|3.4|  1.4|  0.3|  0.5|  0.7|  0.2|  0.4|15.6|starless    |
709|183507.6-030959|18 35 07.66 -03 09 59.1|4.6e-02|5.3e-02| 0.28|0.08|13.7|1.2|  4.9|  1.2|  1.6|  2.2|  0.5|  0.7| 3.3|prestellar  |             tentative bound   CO high-V_LSR
710|183509.2-031240|18 35 09.28 -03 12 40.1|2.4e-02|3.4e-02| 0.07|0.03|11.5|4.5|  0.8|  0.7|  1.4|  0.5|  0.5|  1.2| 7.1|starless    |no SED fit                     CO high-V_LSR
711|183520.4-032055|18 35 20.47 -03 20 55.8|2.6e-02|3.9e-02| 0.39|0.16| 9.2|0.8|  5.4|  3.1|  6.8|  2.9|  1.7|  5.7| 1.3|prestellar  |
712|183524.8-030228|18 35 24.84 -03 02 28.0|2.8e-02|3.7e-02| 0.10|0.02|15.0|1.1|  1.7|  0.8|  1.4|  0.9|  0.5|  1.1| 5.8|starless    |                               CO high-V_LSR
713|183540.2-024457|18 35 40.23 -02 44 57.6|3.1e-02|4.1e-02| 0.13|0.06|11.5|4.5|  1.3|  0.9|  1.6|  0.7|  0.5|  1.1| 4.8|starless    |no SED fit                     CO high-V_LSR
714|183540.9-024616|18 35 40.92 -02 46 16.5|1.6e-02|2.8e-02| 0.07|0.03|12.9|1.2|  1.1|  1.0|  3.0|  0.7|  0.8|  4.0| 4.9|starless    |                               CO high-V_LSR
715|183555.4-023134|18 35 55.48 -02 31 34.6|2.0e-02|3.1e-02| 0.22|0.09|10.1|0.9|  4.7|  2.8|  6.5|  2.9|  2.0|  7.1| 1.8|prestellar  |                               CO high-V_LSR
716|183612.3-021920|18 36 12.32 -02 19 20.2|2.1e-02|3.2e-02| 0.11|0.05|10.9|1.5|  2.1|  1.3|  3.1|  1.2|  0.9|  3.3| 3.6|prestellar  |             tentative bound   CO high-V_LSR
717|183618.3-021922|18 36 18.30 -02 19 22.7|3.5e-02|4.3e-02| 0.36|0.22| 9.6|1.3|  5.7|  2.3|  3.4|  3.0|  1.2|  2.1| 2.0|prestellar  |                               CO high-V_LSR
718|183618.4-020358|18 36 18.42 -02 03 58.9|3.1e-02|4.0e-02| 0.15|0.05|11.9|0.8|  2.3|  1.2|  1.9|  1.2|  0.6|  1.4| 4.0|prestellar  |             tentative bound   CO high-V_LSR
719|183621.9-022231|18 36 21.90 -02 22 31.7|3.6e-02|4.3e-02| 0.20|0.14|12.9|2.4|  4.4|  1.3|  1.8|  2.3|  0.6|  1.1| 3.5|prestellar  |             tentative bound   CO high-V_LSR
720|183623.0-022202|18 36 23.00 -02 22 02.1|2.0e-02|3.1e-02| 0.45|0.46| 8.4|1.5|  6.6|  5.6| 13.0|  4.0|  4.0| 14.0| 0.9|prestellar  |                               CO high-V_LSR
721|183625.1-023220|18 36 25.15 -02 32 20.8|2.0e-02|3.1e-02| 0.10|0.05|11.5|4.5|  1.2|  1.2|  2.7|  0.7|  0.8|  3.0| 4.2|prestellar  |no SED fit   tentative bound   CO high-V_LSR
722|183627.9-023955|18 36 27.95 -02 39 55.6|3.0e-02|3.9e-02| 0.44|0.13|11.3|0.6|  7.4|  3.5|  5.9|  4.1|  2.0|  4.4| 1.3|prestellar  |                               CO high-V_LSR
723|183627.9-021957|18 36 27.95 -02 19 57.4|1.3e-02|2.5e-02| 0.24|0.29| 8.8|2.0|  4.1|  4.3| 17.2|  2.7|  3.7| 29.6| 1.1|prestellar  |                               CO high-V_LSR
724|183628.8-023253|18 36 28.88 -02 32 53.3|2.8e-02|3.7e-02| 0.15|0.08|11.5|4.5|  1.6|  1.3|  2.3|  0.9|  0.8|  1.9| 3.6|prestellar  |no SED fit   tentative bound   CO high-V_LSR
725|183629.6-022159|18 36 29.65 -02 21 59.6|2.3e-02|3.3e-02| 0.65|0.10|12.2|1.0| 10.7|  7.0| 15.0|  6.3|  4.6| 14.4| 0.7|protostellar|                               CO high-V_LSR
726|183629.9-023129|18 36 29.93 -02 31 29.9|1.8e-02|2.9e-02| 2.34|1.02| 6.7|0.5| 19.5| 33.7| 87.3| 12.1| 25.7|107.2| 0.2|prestellar  |                               CO high-V_LSR
727|183629.9-024723|18 36 29.95 -02 47 23.6|1.9e-02|3.1e-02| 0.43|0.22|11.5|4.5|  8.3|  5.4| 14.7|  5.0|  3.8| 17.3| 0.9|protostellar|no SED fit                     CO high-V_LSR
728|183631.3-022148|18 36 31.33 -02 21 48.3|3.9e-02|4.5e-02| 1.62|0.40| 9.9|0.5| 21.6|  9.5| 13.0| 10.9|  4.6|  7.4| 0.5|prestellar  |                               CO high-V_LSR
729|183634.1-023210|18 36 34.15 -02 32 10.1|2.1e-02|3.3e-02| 2.65|0.49| 8.5|0.3| 42.1| 29.5| 75.0| 24.9| 19.8| 80.2| 0.2|prestellar  |                               CO high-V_LSR
730|183634.3-023106|18 36 34.34 -02 31 06.8|2.0e-02|3.0e-02| 0.81|0.36| 8.9|0.7| 14.0| 10.3| 24.5|  8.5|  7.4| 27.1| 0.5|prestellar  |                               CO high-V_LSR
731|183635.7-022639|18 36 35.77 -02 26 39.0|1.5e-02|2.6e-02| 0.06|0.03|11.5|4.5|  0.9|  1.0|  3.3|  0.6|  0.9|  4.9| 4.9|starless    |no SED fit                     CO high-V_LSR
732|183636.1-022144|18 36 36.13 -02 21 44.7|1.6e-02|2.7e-02| 0.82|0.15|17.2|1.6| 26.2| 13.4| 39.1| 16.6| 10.9| 54.5| 0.4|protostellar|                               CO high-V_LSR
733|183636.8-023333|18 36 36.83 -02 33 33.5|1.9e-02|3.0e-02| 0.37|0.18|11.5|4.5| 11.9|  4.8| 12.2|  7.3|  3.5| 14.2| 1.0|protostellar|no SED fit                     CO high-V_LSR
734|183638.6-022344|18 36 38.64 -02 23 44.9|1.1e-02|2.3e-02| 0.85|0.24| 9.3|0.5| 16.2| 19.1| 76.5| 10.7| 18.3|146.1| 0.3|protostellar|                               CO high-V_LSR
735|183640.1-022653|18 36 40.13 -02 26 53.1|1.7e-02|2.9e-02| 0.07|0.04|11.5|4.5|  0.9|  1.0|  2.9|  0.6|  0.8|  3.7| 4.7|starless    |no SED fit                     CO high-V_LSR
736|183640.3-023402|18 36 40.32 -02 34 02.0|1.9e-02|3.0e-02| 1.17|0.33|14.1|3.1| 17.5| 15.6| 38.5| 10.7| 11.4| 44.5| 0.3|protostellar|                               CO high-V_LSR
737|183641.5-022048|18 36 41.55 -02 20 48.9|2.6e-02|3.8e-02| 0.09|0.05|11.5|4.5|  1.1|  0.7|  1.6|  0.6|  0.4|  1.3| 5.7|starless    |no SED fit                     CO high-V_LSR
738|183641.7-023455|18 36 41.73 -02 34 55.5|1.4e-02|2.6e-02| 0.27|0.06|11.3|0.6|  6.8|  5.0| 16.8|  4.4|  4.3| 26.5| 1.0|prestellar  |                               CO high-V_LSR
739|183644.6-020125|18 36 44.65 -02 01 25.9|2.0e-02|3.1e-02| 0.09|0.02|14.4|0.8|  1.6|  1.1|  2.7|  0.9|  0.8|  2.9| 4.4|prestellar  |             tentative bound   CO high-V_LSR
740|183645.9-022536|18 36 45.91 -02 25 36.0|1.6e-02|2.8e-02| 0.03|0.03|14.3|1.7|  1.0|  0.5|  1.5|  0.6|  0.4|  2.1| 9.9|starless    |                               CO high-V_LSR
741|183646.7-022608|18 36 46.72 -02 26 08.3|3.6e-02|4.3e-02| 0.40|0.33|11.1|2.2|  4.5|  2.5|  3.6|  2.3|  1.3|  2.2| 1.8|prestellar  |                               CO high-V_LSR
742|183647.1-021715|18 36 47.16 -02 17 15.1|2.8e-02|3.9e-02| 0.08|0.04|11.5|4.5|  0.9|  0.6|  1.1|  0.5|  0.3|  0.9| 7.4|starless    |no SED fit                     CO high-V_LSR
743|183647.8-020145|18 36 47.80 -02 01 45.0|2.0e-02|3.1e-02| 0.03|0.01|14.5|4.5|  0.9|  0.3|  0.8|  0.6|  0.2|  0.9|14.6|starless    |no SED fit                     CO high-V_LSR
744|183650.2-021455|18 36 50.21 -02 14 55.6|2.4e-02|3.3e-02| 0.35|0.07|11.2|0.4|  5.9|  3.7|  7.1|  3.5|  2.4|  6.5| 1.4|prestellar  |                               CO high-V_LSR
745|183652.5-021914|18 36 52.50 -02 19 14.4|3.4e-02|4.2e-02| 0.17|0.04|13.5|0.7|  2.9|  1.2|  1.8|  1.5|  0.6|  1.1| 3.9|prestellar  |             tentative bound   CO high-V_LSR
746|183652.7-021215|18 36 52.77 -02 12 15.7|4.6e-02|5.2e-02| 0.20|0.05|14.2|0.9|  2.7|  0.9|  1.1|  1.3|  0.4|  0.5| 4.5|starless    |                               CO high-V_LSR
747|183652.9-021440|18 36 52.95 -02 14 40.7|2.1e-02|3.1e-02| 0.20|0.11|10.6|1.4|  6.4|  2.5|  5.6|  3.9|  1.7|  6.0| 2.0|prestellar  |             tentative bound   CO high-V_LSR
748|183654.2-021242|18 36 54.24 -02 12 42.7|2.0e-02|3.1e-02| 0.22|0.11|11.1|1.4|  4.1|  2.8|  6.6|  2.5|  2.0|  7.2| 1.8|prestellar  |                               CO high-V_LSR
749|183703.2-021240|18 37 03.28 -02 12 40.6|2.0e-02|3.2e-02| 0.10|0.02|12.8|0.7|  1.7|  1.1|  2.7|  1.0|  0.8|  2.9| 4.2|prestellar  |             tentative bound   CO high-V_LSR
----------------------------------------------------------------------------------------------------------------------------------------------------------------------------------
